objectid,incident_number,arrest_date,gender,race,age,charge,most_serious,felony,violent,category
21055,127,2021/01/04 03:30:00+00,Female - F,White - W,39,Unlawful Trespass (Misdemeanor) 13 VSA 3705 90j,1,0,0,Trespass
21056,47,2021/01/04 06:00:00+00,Transgender - T,White - W,62,Disorderly Conduct - All Other 13 VSA 1026 90c,1,0,0,Disorder
21057,58,2021/01/04 06:00:00+00,Transgender - T,White - W,62,Disorderly Conduct - All Other 13 VSA 1026 90c,1,0,0,Disorder
21058,26,2021/01/04 06:00:00+00,Transgender - T,White - W,62,Unlawful Mischief (Misdemeanor) 13 VSA 3701(B) 290,1,0,0,Property
21060,148,2021/01/04 15:30:00+00,Female - F,White - W,39,Unlawful Trespass (Misdemeanor) 13 VSA 3705 90j,1,0,0,Trespass
21061,155,2021/01/04 18:45:00+00,Female - F,White - W,39,Unlawful Trespass (Misdemeanor) 13 VSA 3705 90j,1,0,0,Trespass
21064,207,2021/01/06 05:39:47+00,Male - M,Black or African American - B,35,Simple Assault 13 VSA 1023 13b,1,0,1,Assault
21065,232,2021/01/06 17:52:00+00,Male - M,Black or African American - B,26,Aggravated Assault 13 VSA 1024 13a,1,1,1,Assault
21066,178,2021/01/07 14:00:00+00,Male - M,White - W,42,Petit Larceny from a Motor Vehicle 13 VSA 2502 23f,1,0,0,Property
21068,274,2021/01/07 16:12:00+00,Male - M,Black or African American - B,19,Assault on a Law Enforcement Officer/Firefighter/EMS/Health Care Worker (Felony) 13 VSA 1028(a)(2) 13a,1,1,1,Assault
21077,316,2021/01/08 19:10:00+00,Female - F,White - W,51,Unlawful Trespass (Misdemeanor) 13 VSA 3705 90j,1,0,0,Trespass
21078,389,2021/01/10 17:44:00+00,Male - M,Black or African American - B,19,Burglary 13 VSA 1201 220,1,1,0,Property
21082,397,2021/01/10 23:20:00+00,Male - M,White - W,26,"Violation of Conditions of Release (Travel, Curfew, or Contact) 13 VSA 7559(F) 90z",1,0,0,Warrant or Court Order
21083,427,2021/01/11 16:41:00+00,Female - F,White - W,32,Unlawful Trespass (Misdemeanor) 13 VSA 3705 90j,1,0,0,Trespass
21084,498,2021/01/13 00:58:00+00,Male - M,White - W,17,Unlawful Mischief (Misdemeanor) 13 VSA 3701(B) 290,1,0,0,Property
21092,554,2021/01/14 15:00:00+00,Female - F,White - W,37,Petit Larceny from a Building/Residence/Structure 13 VSA 2502 23h,1,0,0,Property
21095,587,2021/01/15 06:51:10+00,Male - M,White - W,45,Assault on a Law Enforcement Officer/Firefighter/EMS/Health Care Worker (Felony) 13 VSA 1028(a)(2) 13a,1,1,1,Assault
21098,669,2021/01/17 13:45:00+00,Transgender - T,White - W,38,Assault with Bodily Fluids (Misdemeanor) 13 VSA 1028(B)(1) 13b,1,0,1,Assault
21099,159,2021/01/17 19:09:00+00,Male - M,White - W,42,Grand Larceny 13 VSA 2501 23h,1,1,0,Property
21103,746,2021/01/19 16:30:00+00,Female - F,White - W,66,Petit Larceny Other 13 VSA 2502 23h,1,0,0,Property
21104,256,2021/01/20 12:07:00+00,Female - F,White - W,32,Retail Theft (Misdemeanor) 13 VSA 2575 23c,1,0,0,Property
21105,813,2021/01/21 11:22:00+00,Male - M,White - W,32,Unlawful Trespass (Misdemeanor) 13 VSA 3705 90j,1,0,0,Trespass
21109,589,2021/01/22 00:00:00+00,Male - M,White - W,37,Simple Assault 13 VSA 1023 13b,0,0,1,Assault
21110,310,2021/01/22 11:15:59+00,Female - F,White - W,25,Unlawful Trespass (Misdemeanor) 13 VSA 3705 90j,1,0,0,Trespass
21120,934,2021/01/24 10:38:00+00,Female - F,White - W,33,Retail Theft (Misdemeanor) 13 VSA 2575 23c,1,0,0,Property
21121,672,2021/01/24 10:38:00+00,Female - F,White - W,33,Unlawful Trespass (Misdemeanor) 13 VSA 3705 90j,0,0,0,Trespass
21122,859,2021/01/25 22:53:00+00,Male - M,White - W,40,Retail Theft (Misdemeanor) 13 VSA 2575 23c,1,0,0,Property
21125,1044,2021/01/26 19:00:00+00,Male - M,White - W,18,Unlawful Trespass (Misdemeanor) 13 VSA 3705 90j,1,0,0,Trespass
21127,1230,2021/01/31 09:30:00+00,Female - F,White - W,39,Unlawful Trespass (Misdemeanor) 13 VSA 3705 90j,1,0,0,Trespass
21128,1252,2021/01/31 19:53:00+00,Female - F,White - W,39,Unlawful Trespass (Misdemeanor) 13 VSA 3705 90j,1,0,0,Trespass
21131,1381,2021/02/04 03:10:00+00,Male - M,White - W,26,"Violation of Conditions of Release (Travel, Curfew, or Contact) 13 VSA 7559(F) 90z",1,0,0,Warrant or Court Order
21134,1428,2021/02/04 16:30:00+00,Male - M,White - W,26,Driving with a Criminally Suspended License 23 VSA 674,1,0,0,Driving
21135,1485,2021/02/05 17:26:00+00,Female - F,White - W,39,Violation of Conditions of Release (Other) 13 VSA 7559(E) 90z,1,0,0,Warrant or Court Order
21136,221,2021/02/06 14:00:00+00,Male - M,White - W,35,"Drugs - Methamphetamine, Possession -Misdemeanor 18 VSA 4234a(a)(1) 35a",0,0,0,Drugs
21139,1542,2021/02/07 00:08:00+00,Male - M,Black or African American - B,21,Driving Under the Influence - First Offense 23 VSA 1201 90d,1,0,0,Driving
21147,1722,2021/02/10 14:35:00+00,Male - M,White - W,39,Theft of Services (Misdemeanor) 13 VSA 2582 23h,1,0,0,Property
21148,1723,2021/02/10 14:55:00+00,Male - M,White - W,38,Assault on a Law Enforcement Officer/Firefighter/EMS/Health Care Worker (Misdemeanor) 13 VSA 1028(a)(1) 13b,1,0,1,Assault
21149,1701,2021/02/10 16:30:00+00,Male - M,White - W,32,Simple Assault 13 VSA 1023 13b,1,0,1,Assault
21150,1769,2021/02/11 18:37:00+00,Female - F,White - W,42,Driving Under the Influence - First Offense 23 VSA 1201 90d,1,0,0,Driving
21154,1910,2021/02/15 18:52:00+00,Male - M,Black or African American - B,18,"Violation of Conditions of Release (Travel, Curfew, or Contact) 13 VSA 7559(F) 90z",1,0,0,Warrant or Court Order
21156,2060,2021/02/19 06:57:00+00,Male - M,White - W,36,Assault on a Law Enforcement Officer/Firefighter/EMS/Health Care Worker (Felony) 13 VSA 1028(a)(2) 13a,1,1,1,Assault
21158,2113,2021/02/20 08:02:00+00,Male - M,White - W,41,Driving with a Criminally Suspended License 23 VSA 674,1,0,0,Driving
21159,1562,2021/02/20 09:45:00+00,Male - M,White - W,32,Unlawful Trespass (Misdemeanor) 13 VSA 3705 90j,1,0,0,Trespass
21162,2132,2021/02/20 14:53:00+00,Male - M,White - W,42,Credit Card/ATM Fraud 9 VSA 4043 26b,0,0,0,Financial
21169,2128,2021/02/20 14:55:00+00,Male - M,White - W,34,Petit Larceny from a Motor Vehicle 13 VSA 2502 23f,1,0,0,Property
21172,2129,2021/02/20 14:55:00+00,Male - M,White - W,34,Unlawful Mischief (Misdemeanor) 13 VSA 3701(B) 290,1,0,0,Property
21184,2207,2021/02/22 13:23:00+00,Female - F,White - W,33,Unlawful Trespass (Misdemeanor) 13 VSA 3705 90j,1,0,0,Trespass
21188,2287,2021/02/24 03:40:00+00,Male - M,Black or African American - B,43,Simple Assault 13 VSA 1023 13b,1,0,1,Assault
21191,2353,2021/02/25 11:17:00+00,Male - M,Black or African American - B,43,Assault on a Law Enforcement Officer/Firefighter/EMS/Health Care Worker (Misdemeanor) 13 VSA 1028(a)(1) 13b,1,0,1,Assault
21193,2438,2021/02/26 23:00:00+00,Male - M,Asian - A,31,Driving Under the Influence - Second and Subsequent Offense 23 VSA 1201 90d,1,0,0,Driving
21199,2468,2021/02/27 20:53:00+00,Male - M,White - W,40,Assault on a Law Enforcement Officer/Firefighter/EMS/Health Care Worker (Felony) 13 VSA 1028(a)(2) 13a,1,1,1,Assault
21202,2485,2021/02/28 12:00:00+00,Male - M,Black or African American - B,19,"Violation of Conditions of Release (Travel, Curfew, or Contact) 13 VSA 7559(F) 90z",1,0,0,Warrant or Court Order
21204,803,2021/02/28 14:05:00+00,Male - M,White - W,30,Identity Theft 13 VSA 2030 26f,1,1,0,Financial
21207,2536,2021/03/01 21:57:00+00,Male - M,White - W,24,Disorderly Conduct by Phone or Electronic Communication 13 VSA 1027 90c,1,0,0,Disorder
21208,2570,2021/03/02 02:00:00+00,Male - M,White - W,20,Unlawful Trespass (Misdemeanor) 13 VSA 3705 90j,1,0,0,Trespass
21209,2575,2021/03/02 09:15:00+00,Male - M,White - W,36,Assault on a Law Enforcement Officer/Firefighter/EMS/Health Care Worker (Misdemeanor) 13 VSA 1028(a)(1) 13b,1,0,1,Assault
21211,2370,2021/03/03 11:18:00+00,Male - M,White - W,18,Unlawful Trespass (Misdemeanor) 13 VSA 3705 90j,1,0,0,Trespass
21213,2622,2021/03/03 12:06:39+00,Male - M,Black or African American - B,47,Identity Theft 13 VSA 2030 26f,1,1,0,Financial
21214,2647,2021/03/03 15:17:00+00,Male - M,White - W,27,Stolen Property Receiving (Possession of) Stolen Property (Felony) 13 VSA 2561 280,1,1,0,Property
21216,2245,2021/03/04 17:27:10+00,Male - M,White - W,15,Identity Theft 13 VSA 2030 26f,1,1,0,Financial
21218,2715,2021/03/04 19:56:00+00,Male - M,White - W,37,Unlawful Trespass (Misdemeanor) 13 VSA 3705 90j,1,0,0,Trespass
21223,2728,2021/03/05 08:20:00+00,Male - M,White - W,56,Unlawful Trespass (Misdemeanor) 13 VSA 3705 90j,1,0,0,Trespass
21224,2796,2021/03/06 12:55:00+00,Male - M,White - W,20,Aggravated Assault 13 VSA 1024 13a,1,1,1,Assault
21225,2812,2021/03/06 19:00:00+00,Female - F,White - W,31,Retail Theft (Misdemeanor) 13 VSA 2575 23c,1,0,0,Property
21226,2838,2021/03/07 06:16:03+00,Male - M,White - W,15,Operation Without Consent - Aggravated 23 VSA 1094(B) 90z,1,1,0,Property
21227,2845,2021/03/07 13:23:00+00,Female - F,White - W,33,Unlawful Trespass (Misdemeanor) 13 VSA 3705 90j,1,0,0,Trespass
21231,2897,2021/03/08 19:23:00+00,Male - M,White - W,45,"Violation of Conditions of Release (Travel, Curfew, or Contact) 13 VSA 7559(F) 90z",1,0,0,Warrant or Court Order
21232,2921,2021/03/09 12:39:00+00,Male - M,Black or African American - B,35,Unlawful Trespass (Misdemeanor) 13 VSA 3705 90j,1,0,0,Trespass
21241,3083,2021/03/12 11:30:00+00,Female - F,White - W,34,Simple Assault 13 VSA 1023 13b,1,0,1,Assault
21244,3034,2021/03/13 14:00:00+00,Female - F,Black or African American - B,23,"Violation of Conditions of Release (Travel, Curfew, or Contact) 13 VSA 7559(F) 90z",1,0,0,Warrant or Court Order
21246,2729,2021/03/13 19:32:00+00,Male - M,Black or African American - B,27,Operation Without Consent 23 VSA 1094(a) 90z,1,0,0,Property
21247,3118,2021/03/13 21:05:00+00,Male - M,White - W,37,Retail Theft (Misdemeanor) 13 VSA 2575 23c,1,0,0,Property
21248,3201,2021/03/15 01:21:54+00,Male - M,Asian - A,35,Driving Under the Influence - Second and Subsequent Offense 23 VSA 1201 90d,1,0,0,Driving
21249,3225,2021/03/15 13:00:00+00,Male - M,White - W,52,Unlawful Trespass (Misdemeanor) 13 VSA 3705 90j,1,0,0,Trespass
21252,3070,2021/03/17 16:30:00+00,Female - F,White - W,23,Stolen Property Receiving (Possession of) Stolen Property (Misdemeanor) 13 VSA 2561 280,1,0,0,Property
21253,3328,2021/03/17 20:34:00+00,Male - M,Asian - A,37,Driving Under the Influence - First Offense 23 VSA 1201 90d,1,0,0,Driving
21257,19301,2021/03/18 01:47:01+00,Female - F,Black or African American - B,20,Simple Assault 13 VSA 1023 13b,1,0,1,Assault
21259,3396,2021/03/18 22:20:58+00,Male - M,White - W,29,"Violation of Conditions of Release (Travel, Curfew, or Contact) 13 VSA 7559(F) 90z",1,0,0,Warrant or Court Order
21260,3436,2021/03/19 20:30:00+00,Male - M,White - W,37,Persons Prohibited from Possessing Firearms 13 VSA 4017 520,1,0,0,Weapons
21262,2594,2021/03/20 11:41:00+00,Male - M,White - W,32,Unlawful Trespass (Misdemeanor) 13 VSA 3705 90j,1,0,0,Trespass
21263,2872,2021/03/20 12:35:00+00,Male - M,White - W,32,Unlawful Trespass (Misdemeanor) 13 VSA 3705 90j,1,0,0,Trespass
21265,3532,2021/03/21 19:55:00+00,Male - M,White - W,22,Operation Without Consent 23 VSA 1094(a) 90z,1,0,0,Property
21268,3549,2021/03/22 08:31:15+00,Male - M,White - W,36,Grand Larceny 13 VSA 2501 23h,0,1,0,Property
21271,1063,2021/03/23 09:35:00+00,Male - M,White - W,57,Unlawful Mischief (Misdemeanor) 13 VSA 3701(B) 290,1,0,0,Property
21272,3618,2021/03/23 12:30:00+00,Female - F,White - W,53,Driving with a Criminally Suspended License 23 VSA 674,1,0,0,Driving
21274,3379,2021/03/23 15:10:48+00,Male - M,Black or African American - B,27,Simple Assault 13 VSA 1023 13b,1,0,1,Assault
21276,2990,2021/03/24 14:15:00+00,Male - M,White - W,61,Stolen Property Receiving (Possession of) Stolen Property (Felony) 13 VSA 2561 280,1,1,0,Property
21280,3745,2021/03/25 16:45:00+00,Female - F,White - W,36,Disorderly Conduct - All Other 13 VSA 1026 90c,1,0,0,Disorder
21281,3657,2021/03/25 17:19:00+00,Male - M,White - W,36,Simple Assault 13 VSA 1023 13b,1,0,1,Assault
21282,3782,2021/03/26 10:40:00+00,Female - F,White - W,33,Unlawful Trespass (Misdemeanor) 13 VSA 3705 90j,1,0,0,Trespass
21285,3783,2021/03/27 13:00:00+00,Male - M,White - W,40,Unlawful Mischief (Misdemeanor) 13 VSA 3701(B) 290,1,0,0,Property
21287,3891,2021/03/28 02:00:00+00,Male - M,White - W,37,Violation of Conditions of Release (Other) 13 VSA 7559(E) 90z,0,0,0,Warrant or Court Order
21290,3928,2021/03/29 12:15:00+00,Male - M,White - W,31,Disorderly Conduct - All Other 13 VSA 1026 90c,0,0,0,Disorder
21292,3957,2021/03/29 18:37:00+00,Male - M,Black or African American - B,30,Violation of Conditions of Release (Other) 13 VSA 7559(E) 90z,1,0,0,Warrant or Court Order
21293,1002,2021/03/29 23:44:00+00,Male - M,Black or African American - B,19,"Violation of Conditions of Release (Travel, Curfew, or Contact) 13 VSA 7559(F) 90z",1,0,0,Warrant or Court Order
21298,4034,2021/03/31 03:53:42+00,Male - M,Black or African American - B,21,Aggravated Assault 13 VSA 1024 13a,1,1,1,Assault
21304,4115,2021/04/01 19:17:00+00,Male - M,White - W,43,Unlawful Mischief (Felony) 13 VSA 3701(a) 290,1,1,0,Property
21306,4168,2021/04/02 15:08:40+00,Male - M,White - W,29,"Violation of Conditions of Release (Travel, Curfew, or Contact) 13 VSA 7559(F) 90z",1,0,0,Warrant or Court Order
21307,3401,2021/04/02 16:12:42+00,Male - M,White - W,37,Grand Larceny 13 VSA 2501 23h,1,1,0,Property
21309,4282,2021/04/05 02:45:00+00,Male - M,White - W,37,Petit Larceny from a Building/Residence/Structure 13 VSA 2502 23h,0,0,0,Property
21310,4316,2021/04/05 18:45:14+00,Male - M,White - W,58,Leaving Scene of an Accident 23 VSA 1128(a) 90z,1,0,0,Driving
21312,4311,2021/04/06 04:26:00+00,Male - M,White - W,25,Simple Assault 13 VSA 1023 13b,1,0,1,Assault
21313,4204,2021/04/06 08:00:00+00,Female - F,White - W,33,"Leaving Scene of an Accident, with Bodily Injury Resulting 23 VSA 1128(B) 90z",1,1,0,Driving
21315,19620,2021/04/06 15:00:00+00,Male - M,White - W,25,Lewd and Lascivious Conduct 13 VSA 2601 90z,1,1,0,Sexual Offense
21316,4376,2021/04/06 23:00:00+00,Male - M,White - W,43,Unlawful Trespass (Misdemeanor) 13 VSA 3705 90j,1,0,0,Trespass
21318,3940,2021/04/08 17:38:00+00,Male - M,Black or African American - B,47,Obstruction of Justice 13 VSA 3015 90z,1,1,0,Other
21322,4543,2021/04/09 15:45:00+00,Female - F,White - W,32,Disorderly Conduct - All Other 13 VSA 1026 90c,1,0,0,Disorder
21328,3893,2021/04/11 11:13:27+00,Male - M,White - W,58,Driving with a Criminally Suspended License 23 VSA 674,1,0,0,Driving
21334,4779,2021/04/13 07:00:00+00,Male - M,White - W,54,Simple Assault 13 VSA 1023 13b,1,0,1,Assault
21338,4832,2021/04/13 21:36:00+00,Male - M,Black or African American - B,51,Driving Under the Influence - Second and Subsequent Offense 23 VSA 1201 90d,1,0,0,Driving
21339,4853,2021/04/14 12:00:00+00,Female - F,White - W,45,Aggravated Disorderly Conduct 13 VSA 1026(a) 90c,1,0,0,Disorder
21343,4420,2021/04/15 11:00:00+00,Male - M,White - W,15,Uttering a Forged Instrument 13 VSA 1802 250,1,1,0,Financial
21344,4413,2021/04/15 13:23:00+00,Female - F,White - W,32,Unlawful Trespass (Misdemeanor) 13 VSA 3705 90j,1,0,0,Trespass
21345,4933,2021/04/15 17:36:00+00,Female - F,White - W,32,Petit Larceny from a Building/Residence/Structure 13 VSA 2502 23h,1,0,0,Property
21348,4983,2021/04/16 14:42:30+00,Male - M,White - W,17,Simple Assault 13 VSA 1023 13b,1,0,1,Assault
21350,5061,2021/04/17 23:00:00+00,Male - M,White - W,29,Aggravated Assault 13 VSA 1024 13a,1,1,1,Assault
21351,5074,2021/04/18 08:52:00+00,Female - F,White - W,45,Unlawful Trespass (Misdemeanor) 13 VSA 3705 90j,1,0,0,Trespass
21352,277,2021/04/18 13:18:00+00,Male - M,White - W,41,Petit Larceny from Other Location 13 VSA 2502 23h,1,0,0,Property
21355,5104,2021/04/18 23:02:00+00,Male - M,White - W,19,Aggravated Assault 13 VSA 1024 13a,1,1,1,Assault
21356,5204,2021/04/21 11:56:09+00,Female - F,White - W,28,Violation of Conditions of Release (Other) 13 VSA 7559(E) 90z,1,0,0,Warrant or Court Order
21357,5218,2021/04/21 13:45:00+00,Male - M,White - W,54,Driving with a Criminally Suspended License 23 VSA 674,1,0,0,Driving
21358,4980,2021/04/22 13:10:00+00,Male - M,White - W,37,Leaving Scene of an Accident 23 VSA 1128(a) 90z,1,0,0,Driving
21359,3319,2021/04/22 15:08:00+00,Male - M,White - W,37,Criminal Threatening 13 VSA 1702 (B) 13c,1,0,1,Assault
21364,5285,2021/04/22 17:59:00+00,Male - M,Black or African American - B,27,Driving Under the Influence - First Offense 23 VSA 1201 90d,1,0,0,Driving
21368,5043,2021/04/23 12:33:00+00,Male - M,White - W,38,Driving with a Criminally Suspended License 23 VSA 674 90z,0,0,0,Driving
21369,5348,2021/04/23 21:36:17+00,Male - M,White - W,39,Assault on a Law Enforcement Officer/Firefighter/EMS/Health Care Worker (Felony) 13 VSA 1028(a)(2) 13a,1,1,1,Assault
21379,5617,2021/04/28 23:10:00+00,Male - M,White - W,39,Assault on a Law Enforcement Officer/Firefighter/EMS/Health Care Worker (Felony) 13 VSA 1028(a)(2) 13a,1,1,1,Assault
21380,5627,2021/04/29 09:10:00+00,Female - F,White - W,41,Unlawful Trespass (Misdemeanor) 13 VSA 3705 90j,1,0,0,Trespass
21381,5653,2021/04/29 12:50:00+00,Male - M,White - W,40,Simple Assault 13 VSA 1023 13b,1,0,1,Assault
21383,5469,2021/04/30 14:32:00+00,Male - M,White - W,41,Burglary 13 VSA 1201 220,1,1,0,Property
21388,5747,2021/05/01 06:00:00+00,Male - M,Black or African American - B,19,Stolen Property Receiving (Possession of) Stolen Property (Misdemeanor) 13 VSA 2561 280,1,0,0,Property
21389,3675,2021/05/01 15:47:00+00,Female - F,White - W,20,False Information to a Police Officer 13 VSA 1754 90z,1,0,0,Other
21390,5790,2021/05/01 23:10:00+00,Male - M,Asian - A,35,Excessive Speed 23 VSA 1097 90z,0,0,0,Driving
21393,5815,2021/05/02 10:40:00+00,Female - F,White - W,44,Simple Assault 13 VSA 1023 13b,1,0,1,Assault
21394,5855,2021/05/03 07:30:00+00,Male - M,White - W,32,Unlawful Trespass (Misdemeanor) 13 VSA 3705 90j,1,0,0,Trespass
21396,5515,2021/05/03 11:55:24+00,Female - F,White - W,27,Identity Theft 13 VSA 2030 26f,1,1,0,Financial
21398,5892,2021/05/03 21:10:00+00,Male - M,White - W,27,Driving Under the Influence - First Offense 23 VSA 1201 90d,1,0,0,Driving
21399,5924,2021/05/04 15:14:00+00,Male - M,White - W,32,Unlawful Trespass (Misdemeanor) 13 VSA 3705 90j,1,0,0,Trespass
21400,5946,2021/05/04 22:50:00+00,Male - M,White - W,42,Unlawful Mischief (Felony) 13 VSA 3701(a) 290,1,1,0,Property
21405,5708,2021/05/07 14:39:00+00,Male - M,White - W,27,Stolen Property Receiving (Possession of) Stolen Property (Felony) 13 VSA 2561 280,1,1,0,Property
21406,6073,2021/05/07 22:57:28+00,Female - F,White - W,27,Drugs - Fentanyl - Selling or Dispensing/Trafficking or Transporting into State 18 VSA 4233(a) 35a,1,1,0,Drugs
21407,6125,2021/05/08 06:45:00+00,Female - F,White - W,32,Assault on a Law Enforcement Officer/Firefighter/EMS/Health Care Worker (Misdemeanor) 13 VSA 1028(a)(1) 13b,1,0,1,Assault
21408,6150,2021/05/08 16:25:00+00,Male - M,White - W,46,False Information to a Police Officer 13 VSA 1754 90z,1,0,0,Other
21410,6164,2021/05/08 21:17:00+00,Female - F,White - W,27,Unlawful Trespass (Misdemeanor) 13 VSA 3705 90j,1,0,0,Trespass
21415,6196,2021/05/09 13:20:00+00,Male - M,White - W,25,Aggravated Disorderly Conduct 13 VSA 1026(a) 90c,1,0,0,Disorder
21416,6238,2021/05/10 07:57:24+00,Female - F,Black or African American - B,45,Simple Assault 13 VSA 1023 13b,1,0,1,Assault
21421,6488,2021/05/14 06:14:00+00,Male - M,Black or African American - B,20,"Drugs - Cocaine, Possession  >2.5 Gm 18 VSA 4231(a)(1) 35a",1,1,0,Drugs
21422,5457,2021/05/14 11:00:00+00,Male - M,White - W,42,Grand Larceny 13 VSA 2501 23h,1,1,0,Property
21423,6503,2021/05/14 11:10:00+00,Male - M,White - W,42,Stolen Property Receiving (Possession of) Stolen Property (Felony) 13 VSA 2561 280,1,1,0,Property
21426,6199,2021/05/15 13:36:00+00,Male - M,White - W,35,Driving Under the Influence - Criminal Refusal 23 VSA 1202 90d,0,0,0,Driving
21429,6645,2021/05/16 10:00:00+00,Male - M,White - W,57,Unlawful Trespass (Misdemeanor) 13 VSA 3705 90j,1,0,0,Trespass
21430,6694,2021/05/16 21:25:00+00,Male - M,White - W,39,Driving with a Criminally Suspended License 23 VSA 674,1,0,0,Driving
21441,6767,2021/05/17 23:17:00+00,Male - M,Black or African American - B,32,Unlawful Mischief (Felony) 13 VSA 3701(a) 290,1,1,0,Property
21443,5227,2021/05/18 17:52:00+00,Male - M,White - W,32,Unlawful Mischief (Misdemeanor) 13 VSA 3701(B) 290,1,0,0,Property
21444,6830,2021/05/18 20:00:00+00,Male - M,White - W,51,Simple Assault 13 VSA 1023 13b,1,0,1,Assault
21445,6833,2021/05/18 21:14:00+00,Male - M,White - W,35,Impeding Public Officers 13 VSA 3001 90z,1,1,0,Other
21446,6885,2021/05/19 14:45:00+00,Female - F,White - W,52,Unlawful Trespass (Misdemeanor) 13 VSA 3705 90j,1,0,0,Trespass
21450,5591,2021/05/20 00:00:00+00,Male - M,White - W,41,Retail Theft (Felony) 13 VSA 2575 23c,1,1,0,Property
21452,6956,2021/05/20 05:18:00+00,Male - M,Black or African American - B,20,"Drugs - Depressant, Stimulant, and Narcotic Possessing >1,000x Dose 18 VSA 4234(B)(4) 35a",0,1,0,Drugs
21453,6959,2021/05/20 09:11:00+00,Male - M,White - W,33,Disorderly Conduct - All Other 13 VSA 1026 90c,0,0,0,Disorder
21457,7029,2021/05/20 23:00:00+00,Male - M,Black or African American - B,31,Driving Under the Influence - First Offense 23 VSA 1201 90d,1,0,0,Driving
21459,7095,2021/05/21 19:04:41+00,Male - M,White - W,38,Retail Theft (Misdemeanor) 13 VSA 2575 23c,1,0,0,Property
21460,7110,2021/05/21 21:32:00+00,Male - M,White - W,38,Aggravated Assault 13 VSA 1024 13a,1,1,1,Assault
21461,7122,2021/05/22 00:22:00+00,Male - M,Black or African American - B,21,Driving Under the Influence - First Offense 23 VSA 1201 90d,1,0,0,Driving
21462,6467,2021/05/22 10:21:00+00,Female - F,White - W,36,Retail Theft (Misdemeanor) 13 VSA 2575 23c,1,0,0,Property
21463,7160,2021/05/22 13:42:00+00,Male - M,Black or African American - B,32,Assault on a Law Enforcement Officer/Firefighter/EMS/Health Care Worker (Felony) 13 VSA 1028(a)(2) 13a,1,1,1,Assault
21465,7163,2021/05/22 13:42:00+00,Male - M,Black or African American - B,32,Unlawful Mischief (Misdemeanor) 13 VSA 3701(B) 290,1,0,0,Property
21469,7196,2021/05/22 22:38:24+00,Male - M,White - W,44,"Violation of Conditions of Release (Travel, Curfew, or Contact) 13 VSA 7559(F) 90z",1,0,0,Warrant or Court Order
21470,7202,2021/05/22 23:14:00+00,Male - M,White - W,22,Unlawful Mischief (Misdemeanor) 13 VSA 3701(B) 290,1,0,0,Property
21471,7226,2021/05/23 02:24:00+00,Male - M,Black or African American - B,44,Aggravated Assault 13 VSA 1024 13a,1,1,1,Assault
21472,6194,2021/05/23 10:16:00+00,Male - M,White - W,21,Uttering a Forged Instrument 13 VSA 1802 250,1,1,0,Financial
21473,7364,2021/05/25 17:15:00+00,Female - F,White - W,41,Driving Under the Influence - First Offense 23 VSA 1201 90d,1,0,0,Driving
21474,6852,2021/05/25 22:00:00+00,Male - M,White - W,37,Assault and Robbery 13 VSA 608 120,1,1,1,Assault
21476,5471,2021/05/25 22:26:00+00,Male - M,White - W,37,Stolen Property Receiving (Possession of) Stolen Property (Misdemeanor) 13 VSA 2561 280,1,0,0,Property
21477,19819,2021/05/26 21:10:00+00,Male - M,White - W,37,Operation Without Consent - Aggravated 23 VSA 1094(B) 90z,1,1,0,Property
21480,7519,2021/05/28 02:30:00+00,Male - M,White - W,33,Assault on a Law Enforcement Officer/Firefighter/EMS/Health Care Worker (Misdemeanor) 13 VSA 1028(a)(1) 13b,1,0,1,Assault
21482,7597,2021/05/29 12:11:00+00,Male - M,White - W,36,Simple Assault 13 VSA 1023 13b,1,0,1,Assault
21483,7607,2021/05/29 15:49:00+00,Male - M,White - W,38,Retail Theft (Misdemeanor) 13 VSA 2575 23c,1,0,0,Property
21486,7158,2021/05/30 06:39:00+00,Female - F,White - W,34,Unlawful Trespass (Misdemeanor) 13 VSA 3705 90j,0,0,0,Trespass
21493,6866,2021/06/02 11:11:00+00,Male - M,Black or African American - B,32,Unlawful Mischief (Misdemeanor) 13 VSA 3701(B) 290,1,0,0,Property
21494,7431,2021/06/02 11:54:00+00,Male - M,White - W,55,Simple Assault 13 VSA 1023 13b,1,0,1,Assault
21498,7259,2021/06/07 00:00:00+00,Male - M,White - W,42,Petit Larceny from a Building/Residence/Structure 13 VSA 2502 23h,1,0,0,Property
21499,6665,2021/06/07 00:00:00+00,Female - F,White - W,36,Unlawful Trespass (Misdemeanor) 13 VSA 3705 90j,1,0,0,Trespass
21501,8168,2021/06/07 13:55:00+00,Female - F,White - W,32,Unlawful Trespass (Misdemeanor) 13 VSA 3705 90j,1,0,0,Trespass
21502,8173,2021/06/07 14:51:00+00,Female - F,White - W,32,Unlawful Trespass (Misdemeanor) 13 VSA 3705 90j,1,0,0,Trespass
21504,8188,2021/06/07 20:00:00+00,Female - F,White - W,19,Leaving Scene of an Accident 23 VSA 1128(a) 90z,0,0,0,Driving
21505,8233,2021/06/08 15:46:00+00,Female - F,Black or African American - B,32,Unlawful Trespass (Felony) 13 VSA 3705(D) 90j,1,1,0,Trespass
21506,8251,2021/06/08 15:57:00+00,Female - F,Black or African American - B,32,Lewd and Lascivious Conduct 13 VSA 2601 90z,1,1,0,Sexual Offense
21509,8341,2021/06/09 12:30:00+00,Male - M,White - W,38,Simple Assault 13 VSA 1023 13b,1,0,1,Assault
21513,8472,2021/06/10 18:00:00+00,Female - F,White - W,32,Unlawful Trespass (Misdemeanor) 13 VSA 3705 90j,1,0,0,Trespass
21514,8015,2021/06/11 00:00:00+00,Male - M,Black or African American - B,24,Murder - 2nd Degree 13 VSA 2303(a)(2) 09a,1,1,1,Assault
21516,8644,2021/06/13 04:29:00+00,Male - M,White - W,36,Driving Under the Influence - Drugs 23 VSA 1201(a)(3) 90d,1,0,0,Driving
21518,8685,2021/06/13 21:34:00+00,Female - F,Black or African American - B,23,Simple Assault 13 VSA 1023 13b,1,0,1,Assault
21519,8704,2021/06/14 02:26:00+00,Male - M,White - W,35,Unlawful Trespass (Misdemeanor) 13 VSA 3705 90j,1,0,0,Trespass
21520,8706,2021/06/14 05:38:00+00,Male - M,White - W,41,Simple Assault 13 VSA 1023 13b,1,0,1,Assault
21521,8716,2021/06/14 09:49:00+00,Female - F,White - W,32,Unlawful Trespass (Misdemeanor) 13 VSA 3705 90j,1,0,0,Trespass
21522,7174,2021/06/14 15:59:00+00,Male - M,Black or African American - B,47,Violation of Conditions of Release (Other) 13 VSA 7559(E) 90z,1,0,0,Warrant or Court Order
21523,8370,2021/06/15 15:02:00+00,Male - M,Black or African American - B,20,Simple Assault 13 VSA 1023 13b,1,0,1,Assault
21525,8826,2021/06/15 19:00:00+00,Female - F,White - W,30,Disorderly Conduct - All Other 13 VSA 1026 90c,1,0,0,Disorder
21526,8842,2021/06/15 23:30:00+00,Female - F,White - W,41,Unlawful Mischief (Misdemeanor) 13 VSA 3701(B) 290,1,0,0,Property
21531,8886,2021/06/17 10:46:00+00,Female - F,White - W,32,Unlawful Trespass (Misdemeanor) 13 VSA 3705 90j,1,0,0,Trespass
21533,8337,2021/06/17 17:17:00+00,Male - M,White - W,22,Burglary 13 VSA 1201 220,1,1,0,Property
21543,9006,2021/06/21 23:18:00+00,Male - M,Black or African American - B,25,Simple Assault 13 VSA 1023 13b,1,0,1,Assault
21544,8858,2021/06/22 12:55:00+00,Female - F,White - W,57,Leaving Scene of an Accident 23 VSA 1128(a) 90z,1,0,0,Driving
21545,9243,2021/06/22 13:15:00+00,Female - F,White - W,25,Assault on a Law Enforcement Officer/Firefighter/EMS/Health Care Worker (Misdemeanor) 13 VSA 1028(a)(1) 13b,1,0,1,Assault
21546,9287,2021/06/22 23:10:00+00,Male - M,White - W,32,Unlawful Trespass (Misdemeanor) 13 VSA 3705 90j,1,0,0,Trespass
21548,9296,2021/06/23 09:23:00+00,Male - M,Black or African American - B,36,Cruelty to Children by One Over 16 13 VSA 1304 90z,0,0,0,Other
21556,9300,2021/06/23 10:00:00+00,Male - M,White - W,41,Grand Larceny 13 VSA 2501 23h,1,1,0,Property
21558,8806,2021/06/24 10:22:00+00,Male - M,White - W,37,Petit Larceny from a Motor Vehicle 13 VSA 2502 23f,1,0,0,Property
21559,8783,2021/06/24 10:27:00+00,Male - M,White - W,30,Aggravated Assault 13 VSA 1024 13a,1,1,1,Assault
21562,9149,2021/06/24 12:12:00+00,Male - M,Asian - A,25,Disorderly Conduct - All Other 13 VSA 1026 90c,0,0,0,Disorder
21566,9533,2021/06/26 23:59:00+00,Male - M,Asian - A,25,Violation of Conditions of Release (Other) 13 VSA 7559(E) 90z,1,0,0,Warrant or Court Order
21567,9569,2021/06/27 15:00:00+00,Male - M,Black or African American - B,26,Unlawful Mischief (Misdemeanor) 13 VSA 3701(B) 290,1,0,0,Property
21568,9578,2021/06/27 17:50:00+00,Male - M,White - W,62,Simple Assault 13 VSA 1023 13b,1,0,1,Assault
21569,9580,2021/06/27 21:12:00+00,Male - M,White - W,58,Driving Under the Influence - Criminal Refusal 23 VSA 1202 90d,1,0,0,Driving
21575,9660,2021/06/28 20:15:00+00,Male - M,White - W,43,Unlawful Trespass (Misdemeanor) 13 VSA 3705 90j,1,0,0,Trespass
21577,9286,2021/06/29 09:30:00+00,Male - M,Black or African American - B,39,Aggravated Assault 13 VSA 1024 13a,1,1,1,Assault
21579,8968,2021/06/29 19:45:00+00,Male - M,White - W,29,Stolen Property Receiving (Possession of) Stolen Property (Misdemeanor) 13 VSA 2561 280,1,0,0,Property
21582,9769,2021/06/30 12:20:00+00,Male - M,Black or African American - B,26,Unlawful Mischief (Felony) 13 VSA 3701(a) 290,1,1,0,Property
21584,9797,2021/06/30 18:48:00+00,Male - M,Black or African American - B,26,Disorderly Conduct by Phone or Electronic Communication 13 VSA 1027 90c,1,0,0,Disorder
21596,10041,2021/07/04 01:46:00+00,Male - M,Black or African American - B,41,Unlawful Trespass (Felony) 13 VSA 3705(D) 90j,1,1,0,Trespass
21601,10071,2021/07/04 10:30:00+00,Male - M,White - W,56,"Drugs - Depressant, Stimulant, and Narcotic Possession Misdemeanor 18 VSA 4234(a)(1) 35a",0,0,0,Drugs
21604,9779,2021/07/04 12:00:00+00,Male - M,Black or African American - B,26,Simple Assault 13 VSA 1023 13b,1,0,1,Assault
21608,10163,2021/07/05 16:43:00+00,Female - F,White - W,27,Unlawful Trespass (Felony) 13 VSA 3705(D) 90j,1,1,0,Trespass
21612,10259,2021/07/07 08:15:00+00,Female - F,White - W,27,Disorderly Conduct - All Other 13 VSA 1026 90c,1,0,0,Disorder
21617,10275,2021/07/07 11:59:00+00,Female - F,White - W,40,Driving with a Criminally Suspended License 23 VSA 674 90z,1,0,0,Driving
21618,10285,2021/07/07 14:10:00+00,Male - M,White - W,44,Unlawful Trespass (Misdemeanor) 13 VSA 3705 90j,1,0,0,Trespass
21620,10327,2021/07/08 09:00:00+00,Male - M,White - W,25,Assault on a Law Enforcement Officer/Firefighter/EMS/Health Care Worker (Misdemeanor) 13 VSA 1028(a)(1) 13b,0,0,1,Assault
21622,10333,2021/07/08 10:19:49+00,Female - F,White - W,34,Leaving Scene of an Accident 23 VSA 1128(a) 90z,1,0,0,Driving
21625,10408,2021/07/09 09:16:00+00,Female - F,White - W,27,Aggravated Assault 13 VSA 1024 13a,1,1,1,Assault
21626,10532,2021/07/10 23:24:00+00,Male - M,Black or African American - B,41,Driving with a Criminally Suspended License 23 VSA 674,1,0,0,Driving
21627,10559,2021/07/11 14:48:34+00,Female - F,Asian - A,24,Disorderly Conduct - All Other 13 VSA 1026 90c,1,0,0,Disorder
21634,10322,2021/07/12 10:11:00+00,Male - M,Black or African American - B,23,"Leaving Scene of an Accident, with Bodily Injury Resulting 23 VSA 1128(B) 90z",1,1,0,Driving
21637,10374,2021/07/12 12:45:36+00,Male - M,White - W,36,Assault and Robbery 13 VSA 608 120,1,1,1,Assault
21641,10725,2021/07/13 17:10:00+00,Male - M,Black or African American - B,26,Disorderly Conduct - All Other 13 VSA 1026 90c,1,0,0,Disorder
21642,10518,2021/07/13 19:40:00+00,Male - M,White - W,33,Simple Assault 13 VSA 1023 13b,1,0,1,Assault
21643,10742,2021/07/14 04:15:00+00,Male - M,Black or African American - B,26,Aggravated Assault 13 VSA 1024 13a,1,1,1,Assault
21648,8992,2021/07/14 21:38:00+00,Female - F,White - W,21,Simple Assault 13 VSA 1023 13b,1,0,1,Assault
21653,10860,2021/07/15 15:32:00+00,Male - M,White - W,45,"Drugs - Methamphetamine, Possession >2.5 Gm 18 VSA 4234a(a)(2) 35a",1,1,0,Drugs
21657,10003,2021/07/16 22:49:00+00,Female - F,White - W,17,Aggravated Assault 13 VSA 1024 13a,1,1,1,Assault
21665,11024,2021/07/18 01:12:00+00,Female - F,White - W,21,Simple Assault 13 VSA 1023 13b,1,0,1,Assault
21666,11030,2021/07/18 02:50:00+00,Female - F,American Indian or Alaska Native - I,22,Driving Under the Influence - First Offense 23 VSA 1201 90d,1,0,0,Driving
21669,11043,2021/07/18 15:19:00+00,Male - M,White - W,46,Simple Assault 13 VSA 1023 13b,1,0,1,Assault
21670,11048,2021/07/18 17:55:00+00,Female - F,White - W,41,Violation of Conditions of Release (Other) 13 VSA 7559(E) 90z,1,0,0,Warrant or Court Order
21672,11058,2021/07/18 21:31:36+00,Male - M,Black or African American - B,77,Leaving Scene of an Accident 23 VSA 1128(a) 90z,0,0,0,Driving
21676,11127,2021/07/20 09:28:32+00,Male - M,White - W,29,Driving with a Criminally Suspended License - 3rd or Subsequent Offense Within 2 Years After 12/01/16 23 VSA 674(a)(2),1,0,0,Driving
21677,11125,2021/07/20 09:45:00+00,Female - F,Black or African American - B,32,Burglary 13 VSA 1201 220,1,1,0,Property
21682,10397,2021/07/20 14:50:00+00,Male - M,Black or African American - B,50,Aggravated Assault 13 VSA 1024 13a,1,1,1,Assault
21684,10768,2021/07/20 15:09:52+00,Male - M,White - W,37,Stolen Property Receiving (Possession of) Stolen Property (Misdemeanor) 13 VSA 2561 280,0,0,0,Property
21685,10829,2021/07/20 16:03:00+00,Female - F,Black or African American - B,32,Unlawful Trespass (Felony) 13 VSA 3705(D) 90j,1,1,0,Trespass
21687,11194,2021/07/21 08:20:00+00,Male - M,White - W,44,Disorderly Conduct - All Other 13 VSA 1026 90c,1,0,0,Disorder
21688,11106,2021/07/21 14:15:00+00,Female - F,White - W,39,Stolen Property Receiving (Possession of) Stolen Property (Felony) 13 VSA 2561 280,1,1,0,Property
21690,11223,2021/07/21 17:22:00+00,Male - M,White - W,22,Unlawful Trespass (Misdemeanor) 13 VSA 3705 90j,1,0,0,Trespass
21691,8753,2021/07/22 00:00:00+00,Male - M,White - W,29,Unlawful Mischief (Felony) 13 VSA 3701(a) 290,1,1,0,Property
21699,11483,2021/07/24 23:05:00+00,Male - M,Asian - A,31,Violation of Conditions of Release (Other) 13 VSA 7559(E) 90z,1,0,0,Warrant or Court Order
21702,11535,2021/07/25 20:14:00+00,Male - M,White - W,31,Burglary 13 VSA 1201 220,1,1,0,Property
21708,10998,2021/07/26 12:46:00+00,Male - M,White - W,50,Burglary 13 VSA 1201 220,1,1,0,Property
21712,9146,2021/07/27 10:13:00+00,Male - M,Black or African American - B,42,Simple Assault 13 VSA 1023 13b,1,0,1,Assault
21713,459,2021/07/27 10:55:00+00,Male - M,Black or African American - B,59,Leaving Scene of an Accident 23 VSA 1128(a) 90z,1,0,0,Driving
21715,11632,2021/07/27 10:55:00+00,Male - M,White - W,42,Stolen Property Receiving (Possession of) Stolen Property (Misdemeanor) 13 VSA 2561 280,0,0,0,Property
21721,11772,2021/07/29 08:45:00+00,Female - F,White - W,39,Burglary 13 VSA 1201 220,1,1,0,Property
21725,11753,2021/07/29 21:00:00+00,Male - M,White - W,33,Retail Theft (Misdemeanor) 13 VSA 2575 23c,1,0,0,Property
21727,11847,2021/07/30 10:37:00+00,Male - M,White - W,33,Petit Larceny from Other Location 13 VSA 2502 23h,1,0,0,Property
21728,10443,2021/07/30 11:00:00+00,Male - M,White - W,52,"Drugs - Cocaine, Possession  >2.5 Gm 18 VSA 4231(a)(1) 35a",0,1,0,Drugs
21731,11879,2021/07/30 18:35:00+00,Female - F,White - W,46,Aggravated Assault 13 VSA 1024 13a,1,1,1,Assault
21735,11911,2021/07/31 03:00:18+00,Male - M,White - W,36,Unlawful Trespass (Misdemeanor) 13 VSA 3705 90j,1,0,0,Trespass
21736,11936,2021/07/31 15:37:00+00,Female - F,White - W,51,Simple Assault 13 VSA 1023 13b,1,0,1,Assault
21738,11954,2021/07/31 19:03:00+00,Male - M,White - W,25,Disorderly Conduct - All Other 13 VSA 1026 90c,1,0,0,Disorder
21741,11988,2021/08/01 02:30:00+00,Female - F,White - W,35,Unlawful Trespass (Misdemeanor) 13 VSA 3705 90j,1,0,0,Trespass
21742,11928,2021/08/01 12:00:00+00,Male - M,White - W,33,Aggravated Assault 13 VSA 1024 13a,1,1,1,Assault
21745,12100,2021/08/02 18:20:00+00,Male - M,White - W,26,Driving with a Criminally Suspended License 23 VSA 674,1,0,0,Driving
21747,12088,2021/08/02 21:49:00+00,Male - M,White - W,44,Aggravated Assault 13 VSA 1024 13a,1,1,1,Assault
21749,12137,2021/08/03 08:45:00+00,Male - M,White - W,41,Unlawful Trespass (Felony) 13 VSA 3705(D) 90j,1,1,0,Trespass
21754,11916,2021/08/03 14:45:00+00,Male - M,Black or African American - B,25,Aggravated Assault 13 VSA 1024 13a,1,1,1,Assault
21756,12232,2021/08/04 09:15:00+00,Male - M,White - W,38,Drugs - Fentanyl - Selling or Dispensing/Trafficking or Transporting into State 18 VSA 4233(a) 35a,1,1,0,Drugs
21762,12411,2021/08/07 02:20:00+00,Male - M,White - W,24,Disorderly Conduct - All Other 13 VSA 1026 90c,1,0,0,Disorder
21769,12506,2021/08/08 17:50:00+00,Female - F,White - W,34,Retail Theft (Misdemeanor) 13 VSA 2575 23c,1,0,0,Property
21770,12531,2021/08/09 04:56:00+00,Male - M,White - W,59,Unlawful Mischief (Felony) 13 VSA 3701(a) 290,1,1,0,Property
21773,12672,2021/08/10 21:55:00+00,Male - M,Black or African American - B,35,Simple Assault 13 VSA 1023 13b,1,0,1,Assault
21776,12681,2021/08/10 22:20:00+00,Male - M,White - W,44,Unlawful Trespass (Misdemeanor) 13 VSA 3705 90j,1,0,0,Trespass
21781,12770,2021/08/12 10:33:00+00,Female - F,White - W,44,Retail Theft (Misdemeanor) 13 VSA 2575 23c,1,0,0,Property
21782,12764,2021/08/12 13:00:00+00,Male - M,Black or African American - B,32,Unlawful Mischief (Felony) 13 VSA 3701(a) 290,1,1,0,Property
21784,12796,2021/08/12 18:13:00+00,Male - M,White - W,19,Unlawful Trespass (Misdemeanor) 13 VSA 3705 90j,1,0,0,Trespass
21785,12820,2021/08/12 20:46:00+00,Male - M,White - W,28,Driving Under the Influence - First Offense 23 VSA 1201 90d,1,0,0,Driving
21790,11778,2021/08/14 12:50:00+00,Female - F,White - W,48,Stolen Property Receiving (Possession of) Stolen Property (Misdemeanor) 13 VSA 2561 280,0,0,0,Property
21792,10634,2021/08/14 13:03:00+00,Male - M,White - W,43,Assault on a Law Enforcement Officer/Firefighter/EMS/Health Care Worker (Misdemeanor) 13 VSA 1028(a)(1) 13b,1,0,1,Assault
21793,12947,2021/08/14 17:45:41+00,Male - M,White - W,45,"Violation of Conditions of Release (Travel, Curfew, or Contact) 13 VSA 7559(F) 90z",1,0,0,Warrant or Court Order
21796,12980,2021/08/16 03:20:00+00,Male - M,White - W,37,Leaving Scene of an Accident 23 VSA 1128(a) 90z,1,0,0,Driving
21797,13006,2021/08/16 10:12:49+00,Male - M,White - W,37,Retail Theft (Misdemeanor) 13 VSA 2575 23c,1,0,0,Property
21801,13393,2021/08/21 10:33:00+00,Male - M,White - W,37,Assault on a Law Enforcement Officer/Firefighter/EMS/Health Care Worker (Felony) 13 VSA 1028(a)(2) 13a,1,1,1,Assault
21802,13437,2021/08/22 00:20:00+00,Male - M,White - W,45,"Violation of Conditions of Release (Travel, Curfew, or Contact) 13 VSA 7559(F) 90z",1,0,0,Warrant or Court Order
21803,13418,2021/08/22 15:57:00+00,Male - M,White - W,22,Grand Larceny 13 VSA 2501 23h,1,1,0,Property
21804,13386,2021/08/22 21:26:00+00,Male - M,Black or African American - B,19,Aggravated Assault 13 VSA 1024 13a,1,1,1,Assault
21805,13510,2021/08/23 10:50:00+00,Male - M,White - W,30,Larceny from a Person 13 VSA 2503 23h,1,1,0,Property
21810,9143,2021/08/23 16:09:00+00,Male - M,Black or African American - B,22,Murder - 2nd Degree 13 VSA 2303(a)(2) 09a,1,1,1,Assault
21814,13650,2021/08/24 21:56:00+00,Male - M,White - W,34,Stolen Property Receiving (Possession of) Stolen Property (Misdemeanor) 13 VSA 2561 280,1,0,0,Property
21817,13700,2021/08/25 18:30:00+00,Male - M,White - W,50,Aggravated Disorderly Conduct 13 VSA 1026(a) 90c,1,0,0,Disorder
21821,13575,2021/08/26 12:51:00+00,Female - F,White - W,30,Burglary 13 VSA 1201 220,1,1,0,Property
21828,13884,2021/08/28 17:23:00+00,Male - M,White - W,56,Disorderly Conduct - All Other 13 VSA 1026 90c,1,0,0,Disorder
21831,13961,2021/08/29 20:50:00+00,Male - M,Asian - A,33,Driving with a Criminally Suspended License 23 VSA 674 90z,1,0,0,Driving
21833,13962,2021/08/30 00:03:18+00,Male - M,White - W,17,Aggravated Assault 13 VSA 1024 13a,1,1,1,Assault
21836,13985,2021/08/30 16:55:02+00,Female - F,White - W,37,Operation Without Consent - Aggravated 23 VSA 1094(B) 90z,1,1,0,Property
21840,8523,2021/08/31 02:23:00+00,Female - F,White - W,37,Retail Theft (Felony) 13 VSA 2575 23c,1,1,0,Property
21843,10548,2021/09/01 15:27:00+00,Female - F,Black or African American - B,52,Leaving Scene of an Accident 23 VSA 1128(a) 90z,1,0,0,Driving
21845,14216,2021/09/02 01:54:07+00,Male - M,White - W,26,Unlawful Mischief (Misdemeanor) 13 VSA 3701(B) 290,1,0,0,Property
21848,9344,2021/09/02 13:10:00+00,Male - M,White - W,57,Simple Assault 13 VSA 1023 13b,1,0,1,Assault
21849,11449,2021/09/02 14:45:00+00,Male - M,White - W,49,Leaving Scene of an Accident 23 VSA 1128(a) 90z,1,0,0,Driving
21851,11609,2021/09/02 19:32:00+00,Male - M,White - W,44,Unlawful Trespass (Misdemeanor) 13 VSA 3705 90j,1,0,0,Trespass
21854,14180,2021/09/02 20:15:00+00,Male - M,White - W,33,Simple Assault 13 VSA 1023 13b,1,0,1,Assault
21858,14349,2021/09/03 18:24:00+00,Male - M,White - W,58,Assault on a Law Enforcement Officer/Firefighter/EMS/Health Care Worker (Felony) 13 VSA 1028(a)(2) 13a,1,1,1,Assault
21862,14376,2021/09/04 00:39:00+00,Male - M,Black or African American - B,34,Disorderly Conduct - All Other 13 VSA 1026 90c,1,0,0,Disorder
21863,14382,2021/09/04 01:45:00+00,Male - M,Black or African American - B,19,Simple Assault 13 VSA 1023 13b,1,0,1,Assault
21864,14386,2021/09/04 02:36:00+00,Male - M,White - W,38,Disorderly Conduct - All Other 13 VSA 1026 90c,1,0,0,Disorder
21866,14390,2021/09/04 04:47:46+00,Male - M,Black or African American - B,24,"Drugs - Cocaine, Possession  >2.5 Gm 18 VSA 4231(a)(1) 35a",1,1,0,Drugs
21870,14401,2021/09/04 12:00:00+00,Male - M,White - W,46,Aggravated Assault 13 VSA 1024 13a,1,1,1,Assault
21873,13942,2021/09/04 14:45:03+00,Female - F,White - W,35,Grand Larceny 13 VSA 2501 23h,1,1,0,Property
21876,14565,2021/09/07 00:10:44+00,Male - M,White - W,48,Disorderly Conduct - All Other 13 VSA 1026 90c,0,0,0,Disorder
21878,14655,2021/09/07 19:00:00+00,Female - F,White - W,40,Leaving Scene of an Accident 23 VSA 1128(a) 90z,1,0,0,Driving
21880,14392,2021/09/08 22:11:00+00,Female - F,White - W,35,Larceny from a Person 13 VSA 2503 23h,1,1,0,Property
21885,14761,2021/09/09 10:00:00+00,Transgender - T,White - W,39,Aggravated Disorderly Conduct 13 VSA 1026(a) 90c,1,0,0,Disorder
21888,12367,2021/09/09 16:49:00+00,Male - M,White - W,26,Credit Card/ATM Fraud 9 VSA 4043 26b,0,0,0,Financial
21898,14905,2021/09/11 01:20:32+00,Male - M,White - W,19,Assault on a Law Enforcement Officer/Firefighter/EMS/Health Care Worker (Misdemeanor) 13 VSA 1028(a)(1) 13b,1,0,1,Assault
21899,14909,2021/09/11 01:28:00+00,Male - M,Black or African American - B,27,Driving Under the Influence - First Offense 23 VSA 1201 90d,1,0,0,Driving
21902,14970,2021/09/11 19:53:00+00,Male - M,White - W,31,Disorderly Conduct - All Other 13 VSA 1026 90c,1,0,0,Disorder
21903,14967,2021/09/11 20:34:26+00,Male - M,Black or African American - B,45,Simple Assault 13 VSA 1023 13b,1,0,1,Assault
21906,15008,2021/09/12 11:45:00+00,Male - M,White - W,38,Disorderly Conduct - All Other 13 VSA 1026 90c,1,0,0,Disorder
21907,15049,2021/09/12 22:44:00+00,Male - M,Black or African American - B,21,Driving Under the Influence - First Offense 23 VSA 1201 90d,1,0,0,Driving
21912,15075,2021/09/13 10:30:00+00,Male - M,Black or African American - B,41,Aggravated Assault 13 VSA 1024 13a,1,1,1,Assault
21915,15098,2021/09/13 13:57:13+00,Male - M,White - W,43,Stolen Property Receiving (Possession of) Stolen Property (Misdemeanor) 13 VSA 2561 280,1,0,0,Property
21918,15171,2021/09/14 11:10:00+00,Male - M,Black or African American - B,45,Aggravated Disorderly Conduct 13 VSA 1026(a) 90c,1,0,0,Disorder
21919,15192,2021/09/14 13:07:00+00,Male - M,Black or African American - B,45,Disorderly Conduct - All Other 13 VSA 1026 90c,1,0,0,Disorder
21920,15166,2021/09/14 14:18:53+00,Male - M,White - W,30,Unlawful Mischief (Felony) 13 VSA 3701(a) 290,1,1,0,Property
21921,15268,2021/09/15 18:51:00+00,Male - M,White - W,34,Impeding Public Officers 13 VSA 3001 90z,1,1,0,Other
21922,15292,2021/09/16 16:33:00+00,Male - M,White - W,35,Stolen Property Receiving (Possession of) Stolen Property (Felony) 13 VSA 2561 280,1,1,0,Property
21923,15350,2021/09/16 19:22:00+00,Male - M,Black or African American - B,45,Unlawful Trespass (Misdemeanor) 13 VSA 3705 90j,1,0,0,Trespass
21924,15452,2021/09/17 19:18:00+00,Male - M,White - W,44,"Violation of Conditions of Release (Travel, Curfew, or Contact) 13 VSA 7559(F) 90z",1,0,0,Warrant or Court Order
21925,15477,2021/09/18 00:10:00+00,Male - M,Black or African American - B,45,Assault on a Law Enforcement Officer/Firefighter/EMS/Health Care Worker (Misdemeanor) 13 VSA 1028(a)(1) 13b,1,0,1,Assault
21928,15481,2021/09/18 03:00:00+00,Male - M,White - W,63,Simple Assault 13 VSA 1023 13b,1,0,1,Assault
21929,15494,2021/09/18 07:00:00+00,Male - M,White - W,63,Simple Assault 13 VSA 1023 13b,1,0,1,Assault
21930,15535,2021/09/18 18:39:20+00,Female - F,White - W,34,Retail Theft (Felony) 13 VSA 2575 23c,1,1,0,Property
21931,15540,2021/09/18 19:10:45+00,Male - M,White - W,34,Unlawful Mischief (Misdemeanor) 13 VSA 3701(B) 290,1,0,0,Property
21933,15587,2021/09/19 09:45:00+00,Female - F,White - W,34,Retail Theft (Misdemeanor) 13 VSA 2575 23c,1,0,0,Property
21936,15609,2021/09/19 13:27:00+00,Female - F,White - W,34,Retail Theft (Misdemeanor) 13 VSA 2575 23c,1,0,0,Property
21938,15610,2021/09/19 13:37:00+00,Female - F,White - W,34,Retail Theft (Misdemeanor) 13 VSA 2575 23c,1,0,0,Property
21942,13684,2021/09/20 10:52:00+00,Female - F,White - W,37,Retail Theft (Misdemeanor) 13 VSA 2575 23c,1,0,0,Property
21946,15652,2021/09/20 11:36:00+00,Male - M,Black or African American - B,20,Resisting Arrest 13 VSA 3017 90z,0,0,0,Other
21948,15745,2021/09/20 12:07:00+00,Male - M,White - W,24,Sexual Assault 13 VSA 3252 11a,1,1,1,Sexual Offense
21949,15746,2021/09/20 12:07:00+00,Male - M,White - W,24,Sexual Assault 13 VSA 3252 11a,1,1,1,Sexual Offense
21950,14778,2021/09/20 13:00:00+00,Female - F,Black or African American - B,43,Grand Larceny 13 VSA 2501 23h,1,1,0,Property
21951,15009,2021/09/20 16:46:00+00,Female - F,White - W,37,Retail Theft (Felony) 13 VSA 2575 23c,1,1,0,Property
21953,15683,2021/09/20 20:28:00+00,Female - F,White - W,29,Stolen Property Receiving (Possession of) Stolen Property (Misdemeanor) 13 VSA 2561 280,1,0,0,Property
21966,15873,2021/09/23 22:19:00+00,Male - M,Black or African American - B,18,Petit Larceny from a Motor Vehicle 13 VSA 2502 23f,1,0,0,Property
21968,15931,2021/09/23 22:29:00+00,Male - M,Black or African American - B,45,Violation of Conditions of Release (Other) 13 VSA 7559(E) 90z,1,0,0,Warrant or Court Order
21970,9627,2021/09/25 16:06:00+00,Male - M,Black or African American - B,19,Unlawful Trespass (Misdemeanor) 13 VSA 3705 90j,1,0,0,Trespass
21982,15516,2021/09/28 12:30:00+00,Male - M,White - W,37,Operation Without Consent - Aggravated 23 VSA 1094(B) 90z,1,1,0,Property
21984,16238,2021/09/28 15:54:00+00,Male - M,White - W,34,Unlawful Mischief (Felony) 13 VSA 3701(a) 290,1,1,0,Property
21986,15010,2021/09/29 08:00:00+00,Male - M,Black or African American - B,20,Simple Assault 13 VSA 1023 13b,1,0,1,Assault
21987,16273,2021/09/29 11:12:00+00,Male - M,White - W,31,Retail Theft (Misdemeanor) 13 VSA 2575 23c,1,0,0,Property
21989,16156,2021/09/29 11:30:00+00,Male - M,White - W,41,Stolen Property Receiving (Possession of) Stolen Property (Felony) 13 VSA 2561 280,0,1,0,Property
21991,16336,2021/09/30 00:21:00+00,Female - F,White - W,39,Leaving Scene of an Accident 23 VSA 1128(a) 90z,1,0,0,Driving
21992,16243,2021/09/30 00:21:00+00,Female - F,White - W,39,Operation Without Consent - Aggravated 23 VSA 1094(B) 90z,1,1,0,Property
21993,16356,2021/09/30 12:00:00+00,Female - F,White - W,39,Petit Larceny from a Motor Vehicle 13 VSA 2502 23f,1,0,0,Property
21994,14411,2021/09/30 15:32:00+00,Male - M,White - W,36,Aggravated Assault 13 VSA 1024 13a,1,1,1,Assault
21995,16419,2021/10/01 00:02:00+00,Male - M,White - W,38,Burglary 13 VSA 1201 220,1,1,0,Property
21999,16537,2021/10/02 19:49:00+00,Male - M,Black or African American - B,17,Simple Assault 13 VSA 1023 13b,1,0,1,Assault
22000,16550,2021/10/03 11:37:14+00,Male - M,Black or African American - B,30,Leaving Scene of an Accident 23 VSA 1128(a) 90z,1,0,0,Driving
22003,16579,2021/10/03 16:50:00+00,Male - M,Asian - A,47,Unlawful Mischief (Misdemeanor) 13 VSA 3701(B) 290,1,0,0,Property
22007,12016,2021/10/04 07:06:00+00,Female - F,White - W,37,Retail Theft (Misdemeanor) 13 VSA 2575 23c,1,0,0,Property
22012,16619,2021/10/04 12:17:00+00,Male - M,Black or African American - B,18,Stolen Property Receiving (Possession of) Stolen Property (Felony) 13 VSA 2561 280,0,1,0,Property
22015,16668,2021/10/05 09:40:00+00,Male - M,White - W,33,Unlawful Trespass (Misdemeanor) 13 VSA 3705 90j,1,0,0,Trespass
22016,16679,2021/10/05 10:00:00+00,Female - F,White - W,34,Retail Theft (Misdemeanor) 13 VSA 2575 23c,1,0,0,Property
22025,16733,2021/10/06 00:02:00+00,Female - F,White - W,44,Simple Assault 13 VSA 1023 13b,1,0,1,Assault
22026,16737,2021/10/06 03:33:00+00,Male - M,White - W,27,Negligent Operation 23 VSA 1091(a) 90z,1,0,0,Driving
22032,16800,2021/10/07 00:42:00+00,Male - M,White - W,42,"Violation of Conditions of Release (Travel, Curfew, or Contact) 13 VSA 7559(F) 90z",1,0,0,Warrant or Court Order
22034,16915,2021/10/08 16:30:00+00,Male - M,White - W,32,Simple Assault 13 VSA 1023 13b,1,0,1,Assault
22035,16930,2021/10/09 01:35:00+00,Female - F,White - W,34,Retail Theft (Misdemeanor) 13 VSA 2575 23c,0,0,0,Property
22038,16617,2021/10/11 08:59:00+00,Male - M,White - W,50,Burglary 13 VSA 1201 220,1,1,0,Property
22039,16101,2021/10/11 09:03:00+00,Male - M,White - W,46,Retail Theft (Felony) 13 VSA 2575 23c,1,1,0,Property
22042,17117,2021/10/11 15:37:00+00,Male - M,White - W,45,Retail Theft (Misdemeanor) 13 VSA 2575 23c,1,0,0,Property
22044,17058,2021/10/11 22:55:00+00,Male - M,White - W,38,Assault and Robbery 13 VSA 608 120,1,1,1,Assault
22045,15605,2021/10/12 14:30:31+00,Male - M,White - W,43,Retail Theft (Misdemeanor) 13 VSA 2575 23c,1,0,0,Property
22046,17199,2021/10/12 19:00:00+00,Female - F,White - W,33,Impeding Public Officers 13 VSA 3001 90z,1,1,0,Other
22048,17196,2021/10/12 19:02:00+00,Female - F,White - W,33,Retail Theft (Misdemeanor) 13 VSA 2575 23c,1,0,0,Property
22049,15018,2021/10/13 00:00:00+00,Male - M,Black or African American - B,31,Violation of Conditions of Release (Other) 13 VSA 7559(E) 90z,1,0,0,Warrant or Court Order
22050,14261,2021/10/13 09:50:00+00,Male - M,White - W,49,"Drugs - Methamphetamine, Possession >2.5 Gm 18 VSA 4234a(a)(2) 35a",0,1,0,Drugs
22052,17250,2021/10/13 14:30:00+00,Female - F,White - W,33,Simple Assault 13 VSA 1023 13b,1,0,1,Assault
22053,17265,2021/10/13 20:20:00+00,Male - M,White - W,30,Simple Assault 13 VSA 1023 13b,1,0,1,Assault
22056,17273,2021/10/14 00:08:00+00,Male - M,White - W,49,Unlawful Trespass (Misdemeanor) 13 VSA 3705 90j,1,0,0,Trespass
22064,17350,2021/10/15 16:47:00+00,Male - M,White - W,31,Grand Larceny 13 VSA 2501 23h,1,1,0,Property
22066,17228,2021/10/15 17:17:00+00,Male - M,White - W,31,Operation Without Consent - Aggravated 23 VSA 1094(B) 90z,1,1,0,Property
22067,17415,2021/10/15 20:54:00+00,Male - M,White - W,59,Unlawful Mischief (Misdemeanor) 13 VSA 3701(B) 290,1,0,0,Property
22068,17440,2021/10/16 00:54:00+00,Male - M,Asian - A,26,Driving Under the Influence - Second and Subsequent Offense 23 VSA 1201 90d,1,0,0,Driving
22069,13688,2021/10/16 01:45:00+00,Male - M,White - W,31,Retail Theft (Misdemeanor) 13 VSA 2575 23c,1,0,0,Property
22071,17450,2021/10/16 04:45:00+00,Male - M,Black or African American - B,41,Driving Under the Influence - Criminal Refusal 23 VSA 1202 90d,0,0,0,Driving
22073,15087,2021/10/16 17:54:00+00,Female - F,White - W,41,Forgery/Counterfeit 13 VSA 1801 250,1,1,0,Financial
22074,17496,2021/10/16 22:01:00+00,Female - F,White - W,35,Stolen Property Receiving (Possession of) Stolen Property (Misdemeanor) 13 VSA 2561 280,1,0,0,Property
22078,17500,2021/10/18 18:28:57+00,Male - M,White - W,18,Excessive Speed 23 VSA 1097 90z,0,0,0,Driving
22080,14844,2021/10/19 00:00:00+00,Female - F,White - W,37,Retail Theft (Felony) 13 VSA 2575 23c,1,1,0,Property
22081,9966,2021/10/19 10:40:00+00,Male - M,White - W,28,Credit Card/ATM Fraud 9 VSA 4043 26b,0,0,0,Financial
22085,17696,2021/10/20 10:00:00+00,Male - M,White - W,18,Disorderly Conduct - All Other 13 VSA 1026 90c,1,0,0,Disorder
22086,17780,2021/10/20 19:59:00+00,Male - M,White - W,30,Disorderly Conduct - All Other 13 VSA 1026 90c,1,0,0,Disorder
22088,17832,2021/10/21 15:00:00+00,Male - M,White - W,32,Assault on a Law Enforcement Officer/Firefighter/EMS/Health Care Worker (Misdemeanor) 13 VSA 1028(a)(1) 13b,1,0,1,Assault
22091,17856,2021/10/22 00:35:37+00,Female - F,White - W,28,Unlawful Mischief (Misdemeanor) 13 VSA 3701(B) 290,1,0,0,Property
22092,17788,2021/10/22 02:37:00+00,Male - M,Black or African American - B,22,Aggravated Assault 13 VSA 1024 13a,1,1,1,Assault
22093,12187,2021/10/22 06:11:00+00,Female - F,White - W,37,Retail Theft (Felony) 13 VSA 2575 23c,1,1,0,Property
22094,16114,2021/10/22 06:15:00+00,Male - M,White - W,48,Retail Theft (Misdemeanor) 13 VSA 2575 23c,1,0,0,Property
22095,17873,2021/10/22 10:36:00+00,Male - M,White - W,34,Unlawful Mischief (Felony) 13 VSA 3701(a) 290,1,1,0,Property
22096,17955,2021/10/23 10:01:00+00,Male - M,White - W,34,Unlawful Mischief (Felony) 13 VSA 3701(a) 290,1,1,0,Property
22101,17799,2021/10/26 11:46:00+00,Male - M,White - W,42,Unlawful Trespass (Misdemeanor) 13 VSA 3705 90j,1,0,0,Trespass
22104,17836,2021/10/27 10:38:00+00,Female - F,White - W,39,Leaving Scene of an Accident 23 VSA 1128(a) 90z,1,0,0,Driving
22105,16849,2021/10/27 10:57:00+00,Female - F,White - W,42,Retail Theft (Misdemeanor) 13 VSA 2575 23c,1,0,0,Property
22107,18187,2021/10/27 22:15:00+00,Female - F,White - W,24,Simple Assault 13 VSA 1023 13b,1,0,1,Assault
22109,18179,2021/10/28 00:22:00+00,Female - F,White - W,29,"Violation of Conditions of Release (Travel, Curfew, or Contact) 13 VSA 7559(F) 90z",1,0,0,Warrant or Court Order
22110,13143,2021/10/28 07:03:00+00,Male - M,Black or African American - B,64,Drugs - Fentanyl - Selling or Dispensing/Trafficking or Transporting into State 18 VSA 4233(a) 35a,1,1,0,Drugs
22112,18195,2021/10/28 07:24:00+00,Female - F,White - W,49,Unlawful Mischief (Misdemeanor) 13 VSA 3701(B) 290,1,0,0,Property
22118,18196,2021/10/28 11:32:00+00,Female - F,White - W,49,Unlawful Mischief (Misdemeanor) 13 VSA 3701(B) 290,1,0,0,Property
22120,18183,2021/10/28 18:50:00+00,Female - F,White - W,38,Operation Without Consent 23 VSA 1094(a) 90z,1,0,0,Property
22121,18252,2021/10/28 21:40:00+00,Male - M,Black or African American - B,28,Disorderly Conduct - All Other 13 VSA 1026 90c,1,0,0,Disorder
22122,18330,2021/10/30 03:00:00+00,Male - M,White - W,26,Driving Under the Influence - First Offense 23 VSA 1201 90d,1,0,0,Driving
22123,13877,2021/10/30 20:53:00+00,Male - M,White - W,38,Retail Theft (Misdemeanor) 13 VSA 2575 23c,1,0,0,Property
22124,18373,2021/10/30 23:22:00+00,Male - M,Asian - A,34,Driving Under the Influence - Second and Subsequent Offense 23 VSA 1201 90d,1,0,0,Driving
22125,18332,2021/10/31 09:57:00+00,Male - M,White - W,37,Simple Assault 13 VSA 1023 13b,1,0,1,Assault
22127,18422,2021/11/01 02:27:00+00,Male - M,White - W,25,Assault on a Law Enforcement Officer/Firefighter/EMS/Health Care Worker (Felony) 13 VSA 1028(a)(2) 13a,1,1,1,Assault
22130,16045,2021/11/01 17:16:00+00,Male - M,Black or African American - B,45,Leaving Scene of an Accident 23 VSA 1128(a) 90z,1,0,0,Driving
22131,18428,2021/11/01 18:49:01+00,Female - F,White - W,25,Impeding Public Officers 13 VSA 3001 90z,1,1,0,Other
22133,9310,2021/11/02 12:00:00+00,Female - F,White - W,39,Grand Larceny 13 VSA 2501 23h,1,1,0,Property
22135,9534,2021/11/02 12:38:00+00,Female - F,White - W,39,Grand Larceny 13 VSA 2501 23h,1,1,0,Property
22136,18452,2021/11/02 14:10:09+00,Male - M,White - W,16,Aggravated Assault 13 VSA 1024 13a,1,1,1,Assault
22138,14992,2021/11/02 15:00:00+00,Male - M,Black or African American - B,20,Aggravated Assault 13 VSA 1024 13a,1,1,1,Assault
22144,18551,2021/11/03 15:36:00+00,Male - M,White - W,42,Grand Larceny 13 VSA 2501 23h,1,1,0,Property
22145,15297,2021/11/04 09:00:00+00,Male - M,Black or African American - B,44,Burglary 13 VSA 1201 220,1,1,0,Property
22146,18598,2021/11/04 19:09:52+00,Male - M,Black or African American - B,37,Aggravated Assault 13 VSA 1024 13a,1,1,1,Assault
22150,18728,2021/11/05 16:15:00+00,Female - F,White - W,34,Retail Theft (Misdemeanor) 13 VSA 2575 23c,1,0,0,Property
22153,18781,2021/11/06 20:00:00+00,Male - M,White - W,38,Unlawful Mischief (Misdemeanor) 13 VSA 3701(B) 290,0,0,0,Property
22163,19070,2021/11/11 18:40:00+00,Female - F,White - W,37,Assault on a Law Enforcement Officer/Firefighter/EMS/Health Care Worker (Felony) 13 VSA 1028(a)(2) 13a,1,1,1,Assault
22170,18685,2021/11/12 14:39:40+00,Male - M,White - W,30,Credit Card/ATM Fraud 9 VSA 4043 26b,1,0,0,Financial
22172,18340,2021/11/12 18:00:00+00,Male - M,White - W,13,Operation Without Consent - Aggravated 23 VSA 1094(B) 90z,1,1,0,Property
22173,19159,2021/11/13 03:00:00+00,Male - M,White - W,37,Simple Assault 13 VSA 1023 13b,1,0,1,Assault
22176,19201,2021/11/13 18:39:00+00,Female - F,White - W,30,Driving Under the Influence - First Offense 23 VSA 1201 90d,1,0,0,Driving
22177,19221,2021/11/14 02:29:00+00,Male - M,Asian - A,38,Driving Under the Influence - Second and Subsequent Offense 23 VSA 1201 90d,1,0,0,Driving
22178,18542,2021/11/14 19:56:00+00,Female - F,White - W,27,Unlawful Trespass (Felony) 13 VSA 3705(D) 90j,1,1,0,Trespass
22180,19257,2021/11/14 23:30:00+00,Male - M,Asian - A,22,Driving Under the Influence - First Offense 23 VSA 1201 90d,1,0,0,Driving
22181,16322,2021/11/15 11:13:00+00,Male - M,White - W,38,Unlawful Mischief (Felony) 13 VSA 3701(a) 290,1,1,0,Property
22183,19306,2021/11/15 22:54:00+00,Male - M,White - W,35,Driving Under the Influence - Criminal Refusal 23 VSA 1202 90d,1,0,0,Driving
22184,14619,2021/11/17 06:00:00+00,Female - F,White - W,38,Retail Theft (Misdemeanor) 13 VSA 2575 23c,1,0,0,Property
22186,19089,2021/11/17 08:30:00+00,Female - F,White - W,35,Grand Larceny 13 VSA 2501 23h,0,1,0,Property
22188,19378,2021/11/17 11:43:00+00,Female - F,White - W,34,Unlawful Trespass (Misdemeanor) 13 VSA 3705 90j,1,0,0,Trespass
22192,134,2021/11/18 11:18:00+00,Male - M,White - W,30,Stolen Property Receiving (Possession of) Stolen Property (Felony) 13 VSA 2561 280,1,1,0,Property
22194,19464,2021/11/19 11:11:00+00,Male - M,Black or African American - B,33,Criminal Threatening 13 VSA 1702 (B) 13c,1,0,1,Assault
22196,9268,2021/11/19 18:21:00+00,Male - M,White - W,38,Petit Larceny from a Motor Vehicle 13 VSA 2502 23f,1,0,0,Property
22200,19489,2021/11/19 19:52:00+00,Male - M,White - W,38,Arson - 1st Degree 13 VSA 502 200,1,1,0,Property
22201,19509,2021/11/20 02:30:00+00,Female - F,Black or African American - B,20,Disorderly Conduct - All Other 13 VSA 1026 90c,1,0,0,Disorder
22203,19544,2021/11/20 22:28:00+00,Male - M,White - W,58,Unlawful Mischief (Misdemeanor) 13 VSA 3701(B) 290,1,0,0,Property
22204,19547,2021/11/20 23:00:00+00,Male - M,White - W,58,Unlawful Mischief (Misdemeanor) 13 VSA 3701(B) 290,1,0,0,Property
22205,19560,2021/11/21 14:28:00+00,Male - M,White - W,58,Burglary 13 VSA 1201 220,1,1,0,Property
22207,16196,2021/11/21 20:51:00+00,Male - M,White - W,60,Simple Assault 13 VSA 1023 13b,1,0,1,Assault
22208,16747,2021/11/22 09:30:00+00,Male - M,White - W,36,Burglary 13 VSA 1201 220,1,1,0,Property
22213,18650,2021/11/22 19:40:00+00,Male - M,White - W,36,Disorderly Conduct by Phone or Electronic Communication 13 VSA 1027 90c,1,0,0,Disorder
22214,19630,2021/11/23 04:20:00+00,Male - M,White - W,38,Burglary 13 VSA 1201 220,1,1,0,Property
22215,19653,2021/11/23 12:40:00+00,Male - M,White - W,60,Unlawful Trespass (Misdemeanor) 13 VSA 3705 90j,1,0,0,Trespass
22216,15466,2021/11/23 14:30:00+00,Male - M,White - W,38,Identity Theft 13 VSA 2030 26f,1,1,0,Financial
22217,19596,2021/11/23 15:10:00+00,Male - M,White - W,38,Identity Theft 13 VSA 2030 26f,1,1,0,Financial
22219,19683,2021/11/23 23:08:00+00,Male - M,White - W,38,Burglary 13 VSA 1201 220,1,1,0,Property
22222,19670,2021/11/24 11:57:00+00,Female - F,White - W,36,Forgery/Counterfeit 13 VSA 1801 250,1,1,0,Financial
22224,19760,2021/11/26 01:19:28+00,Male - M,White - W,34,Aggravated Assault 13 VSA 1024 13a,1,1,1,Assault
22228,18451,2021/11/29 17:20:00+00,Female - F,White - W,33,Simple Assault 13 VSA 1023 13b,1,0,1,Assault
22231,19330,2021/11/30 13:30:00+00,Male - M,White - W,33,Uttering a Forged Instrument 13 VSA 1802 250,1,1,0,Financial
22232,19047,2021/12/01 11:14:00+00,Male - M,White - W,31,Retail Theft (Misdemeanor) 13 VSA 2575 23c,1,0,0,Property
22234,19594,2021/12/01 15:00:00+00,Female - F,White - W,12,Simple Assault 13 VSA 1023 13b,1,0,1,Assault
22236,19864,2021/12/02 12:43:00+00,Male - M,White - W,31,Operation Without Consent - Aggravated 23 VSA 1094(B) 90z,1,1,0,Property
22238,7890,2021/12/02 12:50:00+00,Female - F,White - W,34,Drugs - Fentanyl - Selling or Dispensing/Trafficking or Transporting into State 18 VSA 4233(a) 35a,1,1,0,Drugs
22254,19860,2021/12/07 15:00:00+00,Male - M,White - W,51,Burglary 13 VSA 1201 220,1,1,0,Property
22260,18861,2021/12/08 16:18:00+00,Male - M,White - W,31,Stolen Property Receiving (Possession of) Stolen Property (Felony) 13 VSA 2561 280,1,1,0,Property
22272,19833,2021/12/13 12:00:00+00,Female - F,White - W,33,Retail Theft (Misdemeanor) 13 VSA 2575 23c,1,0,0,Property
22275,15506,2021/12/15 17:30:00+00,Male - M,White - W,14,Burglary 13 VSA 1201 220,1,1,0,Property
22292,9199,2021/12/21 22:56:00+00,Male - M,White - W,42,Petit Larceny from a Building/Residence/Structure 13 VSA 2502 23h,0,0,0,Property
22310,17173,2021/12/28 10:16:00+00,Male - M,White - W,30,Retail Theft (Misdemeanor) 13 VSA 2575 23c,1,0,0,Property
22329,19572,2021/12/30 14:00:00+00,Male - M,White - W,27,Simple Assault 13 VSA 1023 13b,1,0,1,Assault
