objectid,incident_number,call_type,call_type_group,call_time,street,mental_health,drug_related,dv_related,alcohol_related,areaname,latitude,longitude,district,priority
291255,26,Vandalism,Property,2021/01/01 12:47:10+00,N Champlain St,1,0,0,0,OldNorthEnd,44.48238792,-73.21732054,Central,3
291276,47,Disorderly Conduct,Quality of Life,2021/01/01 22:11:12+00,N Champlain St,0,0,0,0,OldNorthEnd,44.4820436,-73.21734932,Central,2
291287,58,Disorderly Conduct,Quality of Life,2021/01/02 08:27:39+00,N Champlain St,0,0,0,0,OldNorthEnd,44.48217223,-73.21738904,Central,2
291356,127,Trespass,Other,2021/01/04 02:47:00+00,Colchester Ave,0,0,0,0,UniversityHillSection,44.47965946,-73.19412134,East,2
291363,134,Larceny - from Motor Vehicle,Property,2021/01/04 09:21:36+00,Pearl St,0,0,0,0,UniversityHillSection,44.48043703,-73.20639555,East,3
291377,148,Trespass,Other,2021/01/04 15:03:18+00,Colchester Ave,0,0,0,0,UniversityHillSection,44.47965204,-73.19413908,East,2
291384,155,Trespass,Other,2021/01/04 18:31:18+00,Colchester Ave,1,0,0,0,UniversityHillSection,44.47967604,-73.19411144,East,2
291388,159,Larceny - from Motor Vehicle,Property,2021/01/04 21:15:31+00,Cherry St,0,0,0,0,Downtown,44.47956665,-73.21168442,Central,3
291407,178,Larceny - from Motor Vehicle,Property,2021/01/05 14:11:15+00,Cherry St,0,0,0,0,Downtown,44.47958605,-73.21168665,Central,3
291436,207,Assault - Simple,Assault,2021/01/06 01:39:45+00,St Paul St,0,1,0,0,SouthEnd,44.4727056,-73.21317085,South,1
291450,221,Trespass,Other,2021/01/06 12:45:02+00,Battery St,0,0,0,0,Downtown,44.47790192,-73.21806633,Central,2
291461,232,Assault - Aggravated,Assault,2021/01/06 16:37:00+00,Cherry St/St Paul St,0,0,0,0,Downtown,44.47924812,-73.21428808,Central,1
291485,256,Retail Theft,Property,2021/01/07 11:16:19+00,Shelburne Rd,0,0,0,0,SouthEnd,44.44824886,-73.2097475,South,3
291503,274,Assault - Aggravated,Assault,2021/01/07 16:07:00+00,Allen St,0,0,0,0,OldNorthEnd,44.4832714,-73.21459756,Central,1
291506,277,Larceny - Other,Property,2021/01/07 16:57:14+00,S Winooski Ave,0,0,0,0,Downtown,44.47798562,-73.21127244,Central,3
291539,310,Trespass,Other,2021/01/08 16:42:28+00,North Ave,0,0,0,0,NewNorthEnd,44.50652517,-73.24561418,North,2
291545,316,Trespass,Other,2021/01/08 18:54:04+00,S Winooski Ave,0,1,0,0,Downtown,44.47811164,-73.2105592,East,2
291618,389,Burglary,Property,2021/01/10 17:40:00+00,North Ave,0,0,0,0,NewNorthEnd,44.51354593,-73.2534074,North,2
291626,397,Violation of Conditions of Release,Court Order,2021/01/10 23:18:45+00,Sears Ln,0,0,0,0,SouthEnd,44.45846559,-73.21673112,South,2
291656,427,Trespass,Other,2021/01/11 16:21:08+00,Colchester Ave,1,0,0,0,UniversityHillSection,44.47964807,-73.1941015,East,2
291688,459,Crash - LSA,Motor Vehicle,2021/01/12 12:13:47+00,Howard St,0,0,0,0,SouthEnd,44.46752136,-73.20770632,South,2
291727,498,Vandalism - graffiti,Property,2021/01/13 00:06:02+00,Main St,0,0,0,0,Downtown,44.47642732,-73.21014257,East,3
291783,554,Larceny - from Building,Property,2021/01/14 13:08:36+00,Cherry St,1,0,0,0,Downtown,44.4794132,-73.21544781,Central,3
291816,587,Assault - Aggravated,Assault,2021/01/15 00:44:25+00,Colchester Ave,0,1,0,0,UniversityHillSection,44.47967689,-73.19411499,East,1
291818,589,Burglary,Property,2021/01/15 02:00:05+00,Pine St,0,0,0,0,Downtown,44.47428607,-73.21567026,South,2
291898,669,Assault - Simple,Assault,2021/01/17 13:11:12+00,Colchester Ave,1,0,0,0,UniversityHillSection,44.47964878,-73.19413073,East,1
291901,672,Retail Theft,Property,2021/01/17 14:29:00+00,Cherry St,0,0,0,0,Downtown,44.47955062,-73.21168722,Central,3
291975,746,Larceny - from Building,Property,2021/01/19 15:15:58+00,North Ave,0,0,0,0,NewNorthEnd,44.50650632,-73.24560174,North,3
292032,803,Fraud,Financial Crime,2021/01/21 08:50:01+00,Park St,0,0,0,0,OldNorthEnd,44.48191301,-73.21899308,Central,3
292042,813,Trespass,Other,2021/01/21 11:08:08+00,Shelburne Rd,1,0,0,0,SouthEnd,44.45671198,-73.20810067,South,2
292088,859,Retail Theft,Property,2021/01/22 09:58:47+00,Church St,0,0,0,0,Downtown,44.47859602,-73.21246626,Central,3
292163,934,Trespass,Other,2021/01/24 10:11:51+00,Shelburne Road,0,0,0,0,SouthEnd,44.44940026,-73.21097122,South,2
292215,1002,Violation of Conditions of Release,Court Order,2021/01/25 19:00:43+00,Church St,0,0,0,1,Downtown,44.47952509,-73.21288697,Central,2
292257,1044,Trespass,Other,2021/01/26 18:33:38+00,Cherry St,0,0,0,1,Downtown,44.47957365,-73.21166514,Central,2
292276,1063,Vandalism,Property,2021/01/27 10:48:10+00,Shelburne Rd/S Union St,1,0,0,0,SouthEnd,44.4648357,-73.20769477,South,3
292442,1230,Trespass,Other,2021/01/31 08:15:00+00,Colchester Ave,1,0,0,0,UniversityHillSection,44.47966509,-73.19411185,East,2
292464,1252,Trespass,Other,2021/01/31 19:42:47+00,Colchester Ave,1,1,0,0,UniversityHillSection,44.47965432,-73.19412834,East,2
292593,1381,DLS,Motor Vehicle,2021/02/04 02:56:52+00,Maple St/Pine St,0,0,0,0,Downtown,44.47360252,-73.21540181,South,3
292640,1428,DLS,Motor Vehicle,2021/02/04 16:11:26+00,Pearl St,0,0,0,0,OldNorthEnd,44.48052443,-73.2159418,Central,3
292697,1485,Violation of Conditions of Release,Court Order,2021/02/05 16:57:22+00,Colchester Ave,1,0,0,0,UniversityHillSection,44.47967361,-73.19411056,East,2
292754,1542,DUI,Motor Vehicle,2021/02/06 23:32:41+00,Shelburne Rd / Birchcliff Pkwy,0,0,0,1,SouthEnd,44.45856076,-73.20828552,South,1
292774,1562,Trespass,Other,2021/02/07 14:16:28+00,Shelburne St,0,0,0,1,SouthEnd,44.4566954,-73.2080213,South,2
292913,1701,Assault - Simple,Assault,2021/02/10 08:49:39+00,Church St / Cherry St,0,0,0,0,Downtown,44.47929756,-73.21273857,Central,1
292934,1722,Theft of Service,Property,2021/02/10 14:24:15+00,Church St,0,0,0,0,Downtown,44.47722165,-73.21277524,Central,3
292935,1723,Assault - Simple,Assault,2021/02/10 14:25:07+00,Colchester Ave,1,0,0,0,UniversityHillSection,44.47966393,-73.19412437,East,1
292981,1769,DUI,Motor Vehicle,2021/02/11 18:00:17+00,Main St,0,0,0,1,Downtown,44.47618065,-73.21170611,Central,1
293122,1910,Violation of Conditions of Release,Court Order,2021/02/15 18:48:32+00,Cherry St,0,0,0,1,Downtown,44.47977917,-73.21408517,Central,2
293272,2060,Assault - Simple,Assault,2021/02/18 21:47:31+00,Colchester Ave,0,1,0,0,UniversityHillSection,44.47965489,-73.19413028,East,1
293325,2113,DLS,Motor Vehicle,2021/02/20 07:43:19+00,Shelburne Rd/Locust St,0,0,0,0,SouthEnd,44.46334299,-73.20783691,South,3
293340,2128,Larceny - from Motor Vehicle,Property,2021/02/20 13:07:30+00,Bank St/S Winooski Ave,0,0,0,0,Downtown,44.47825015,-73.21109982,East,3
293341,2129,Larceny - from Motor Vehicle,Property,2021/02/20 13:45:27+00,Cherry St,0,0,0,0,Downtown,44.47956856,-73.2116562,Central,3
293344,2132,Fraud,Financial Crime,2021/02/20 14:14:28+00,Shelburne Rd,0,0,0,0,SouthEnd,44.44940524,-73.21099612,South,3
293419,2207,Trespass,Other,2021/02/22 13:02:26+00,Shelburne Rd,0,0,0,0,SouthEnd,44.44939883,-73.21097804,South,2
293457,2245,Identity Theft,Financial Crime,2021/02/23 11:50:44+00,North Ave,0,0,0,0,OldNorthEnd,44.48234089,-73.22109985,Central,3
293498,2287,Assault - Simple,Assault,2021/02/24 03:22:24+00,Colchester Ave,1,0,0,0,UniversityHillSection,44.47967721,-73.19412942,East,1
293564,2353,Assault - Simple,Assault,2021/02/25 10:17:01+00,Colchester Ave,1,0,0,0,UniversityHillSection,44.4796443,-73.19410379,East,1
293581,2370,Trespass,Other,2021/02/25 15:14:44+00,Cherry St,1,0,0,0,Downtown,44.47955282,-73.2116765,Central,2
293649,2438,DUI,Motor Vehicle,2021/02/26 22:38:00+00,College St/S Union St,0,0,0,1,Downtown,44.47729078,-73.20905802,East,1
293679,2468,DUI,Motor Vehicle,2021/02/27 20:37:00+00,Shelburne Rd,0,1,0,1,SouthEnd,44.44940453,-73.21096275,South,1
293696,2485,Violation of Conditions of Release,Court Order,2021/02/28 10:03:30+00,S Winooski Ave,0,0,0,0,Downtown,44.47913074,-73.21131171,Central,2
293747,2536,Disorderly Conduct by Electronic Communication,Quality of Life,2021/03/01 12:40:23+00,Lori Ln,1,0,0,0,NewNorthEnd,44.52089101,-73.24673313,North,3
293781,2570,Trespass,Other,2021/03/02 01:27:34+00,Colchester Ave,0,0,0,1,UniversityHillSection,44.47966052,-73.19411674,East,2
293786,2575,Assault - Simple,Assault,2021/03/02 07:47:43+00,Colchester Ave,1,0,0,1,UniversityHillSection,44.47967951,-73.1941063,East,1
293805,2594,Trespass,Other,2021/03/02 13:32:34+00,Shelburne Rd,0,0,0,1,SouthEnd,44.44940393,-73.21098272,South,2
293833,2622,Fraud,Financial Crime,2021/03/03 08:37:48+00,Cherry St,0,0,0,0,Downtown,44.4795616,-73.21167944,Central,3
293858,2647,Larceny - Other,Property,2021/03/03 14:03:41+00,Harrison Ave,0,0,0,0,SouthEnd,44.45875875,-73.21934597,South,3
293925,2715,Trespass,Other,2021/03/04 19:31:00+00,Archibald St,0,1,0,0,OldNorthEnd,44.48815724,-73.2080047,Central,2
293938,2728,Trespass,Other,2021/03/05 08:12:30+00,College St,0,0,0,0,Downtown,44.4772061,-73.21390396,Central,2
293939,2729,Stolen Vehicle,Property,2021/03/05 08:13:12+00,N Champlain St,0,0,0,0,OldNorthEnd,44.48629315,-73.21765455,Central,3
294006,2796,Assault - Aggravated,Assault,2021/03/06 12:46:31+00,S Winooski Ave,0,0,0,0,Downtown,44.4779904,-73.21127455,Central,1
294022,2812,Retail Theft,Property,2021/03/06 18:24:04+00,Church St,0,0,0,0,Downtown,44.47908306,-73.21323807,Central,3
294048,2838,Stolen Vehicle,Property,2021/03/07 03:36:59+00,Dodds Ct,0,0,0,0,NewNorthEnd,44.50813963,-73.25052682,North,3
294055,2845,Trespass,Other,2021/03/07 13:11:36+00,Cherry St,0,0,0,0,Downtown,44.47955902,-73.21166633,Central,2
294082,2872,Retail Theft,Property,2021/03/08 09:15:17+00,Shelburne Rd,0,0,0,1,SouthEnd,44.44937252,-73.21096911,South,3
294107,2897,Violation of Conditions of Release,Court Order,2021/03/08 19:15:54+00,S Winooski Ave,0,0,0,0,Downtown,44.47532149,-73.21064418,South,2
294131,2921,Trespass,Other,2021/03/09 12:27:20+00,St Paul St,0,0,0,0,SouthEnd,44.47269123,-73.21315535,South,2
294200,2990,Larceny - Other,Property,2021/03/10 15:43:13+00,Church St/College St,0,0,0,0,Downtown,44.47711787,-73.21255713,Central,3
294244,3034,Violation of Conditions of Release,Court Order,2021/03/11 13:07:44+00,Church St,0,0,0,0,Downtown,44.47842985,-73.21285757,Central,2
294280,3070,Larceny - Other,Property,2021/03/12 00:57:01+00,North Avenue,0,0,0,0,OldNorthEnd,44.48233696,-73.2210905,Central,3
294293,3083,Assault - Simple,Assault,2021/03/12 11:21:02+00,Colchester Ave,1,0,0,0,UniversityHillSection,44.47966218,-73.19411441,East,1
294328,3118,Retail Theft,Property,2021/03/12 21:37:05+00,Cherry St,0,0,0,0,Downtown,44.47956095,-73.21168799,Central,3
294411,3201,DUI,Motor Vehicle,2021/03/14 20:24:56+00,Main St/S Prospect St,0,1,0,1,UniversityHillSection,44.47636749,-73.20071758,South,1
294435,3225,Trespass,Other,2021/03/15 12:36:08+00,Pearl St,0,0,0,0,Downtown,44.48022612,-73.21399742,Central,2
294529,3319,Obstruction of Justice,Impeding Police,2021/03/17 18:06:06+00,North Ave,0,0,0,0,OldNorthEnd,44.48233942,-73.22111479,Central,3
294538,3328,DUI,Motor Vehicle,2021/03/17 20:20:22+00,North Ave/Washington St,0,0,0,1,OldNorthEnd,44.48787185,-73.22507066,Central,1
294589,3379,Assault - Simple,Assault,2021/03/18 15:17:32+00,City Hall Park,0,0,0,0,Downtown,44.47642174,-73.21349606,Central,1
294606,3396,Violation of Conditions of Release,Court Order,2021/03/18 18:38:40+00,Pitkin St,0,0,0,0,OldNorthEnd,44.48625952,-73.2204784,Central,2
294611,3401,Larceny - from Building,Property,2021/03/18 23:02:53+00,Cherry St,0,0,0,0,Downtown,44.47955152,-73.21166883,Central,3
294646,3436,Assault - Aggravated,Assault,2021/03/19 18:29:00+00,Peru St/Murray St,0,1,0,0,OldNorthEnd,44.482588,-73.21586971,Central,1
294742,3532,Larceny - from Motor Vehicle,Property,2021/03/21 19:51:00+00,Intervale Ave / Riverside Ave,0,1,0,1,OldNorthEnd,44.4894603,-73.20981009,Central,3
294759,3549,Burglary,Property,2021/03/22 07:51:18+00,King St,0,0,0,0,Downtown,44.47458774,-73.21320933,South,2
294828,3618,Traffic,Motor Vehicle,2021/03/23 12:12:20+00,Locust St/Hayward St,0,0,0,0,SouthEnd,44.4629537,-73.21283539,South,3
294867,3657,Assault - Simple,Assault,2021/03/23 21:14:13+00,Colchester Ave,1,0,0,0,UniversityHillSection,44.47966826,-73.19410383,East,1
294885,3675,False Info to Police,Impeding Police,2021/03/24 09:11:00+00,North Ave,0,0,0,0,OldNorthEnd,44.48787995,-73.22534472,Central,3
294955,3745,Disorderly Conduct,Quality of Life,2021/03/25 16:38:00+00,N Champlain St / Manhattan Dr,0,0,0,0,OldNorthEnd,44.48757775,-73.2179543,Central,2
294992,3782,Trespass,Other,2021/03/26 10:23:27+00,Cherry St,0,0,0,0,Downtown,44.47956994,-73.2116787,Central,2
294993,3783,Vandalism,Property,2021/03/26 10:57:33+00,East Ave,1,0,0,0,UniversityHillSection,44.47598727,-73.19101052,East,3
295101,3891,DLS,Motor Vehicle,2021/03/28 01:45:51+00,Pearl St/Battery St,0,0,0,0,Downtown,44.48026779,-73.21902009,Central,3
295103,3893,DLS,Motor Vehicle,2021/03/28 02:02:10+00,Pearl St/N Champlain St,0,0,0,0,OldNorthEnd,44.48040015,-73.21681301,Central,3
295138,3928,Assault - Simple,Assault,2021/03/29 10:18:28+00,S Winooski Ave,0,0,0,0,Downtown,44.4779867,-73.21126672,Central,1
295150,3940,Violation of Conditions of Release,Court Order,2021/03/29 13:29:21+00,Cherry St,0,0,0,0,Downtown,44.47907777,-73.21613349,Central,2
295167,3957,Violation of Conditions of Release,Court Order,2021/03/29 18:15:00+00,Hildred Dr,0,0,0,0,UniversityHillSection,44.48615535,-73.19528644,East,2
295244,4034,Assault - Aggravated,Assault,2021/03/30 23:49:00+00,Main St,0,0,0,1,Downtown,44.47567413,-73.21043412,South,1
295325,4115,Vandalism,Property,2021/04/01 18:15:45+00,Main St,0,1,0,1,Downtown,44.47553602,-73.21128105,Central,3
295378,4168,Violation of Conditions of Release,Court Order,2021/04/02 15:00:27+00,Riverside Ave,0,0,0,0,UniversityHillSection,44.48611138,-73.19148006,East,2
295414,4204,Crash - Injury to person(s),Motor Vehicle,2021/04/03 07:01:23+00,Main St/East Ave,0,0,0,0,UniversityHillSection,44.47307644,-73.19131241,East,1
295491,4282,Burglary,Property,2021/04/05 02:17:00+00,Pine St,0,0,0,0,SouthEnd,44.46102915,-73.21504057,South,2
295520,4311,Assault - Simple,Assault,2021/04/05 16:42:29+00,Colchester Ave,0,0,0,1,UniversityHillSection,44.47964028,-73.1941313,East,1
295525,4316,Crash - LSA,Motor Vehicle,2021/04/05 17:45:04+00,Main St/St Paul St,0,0,0,0,Downtown,44.4759056,-73.21401118,Central,2
295585,4376,Trespass,Other,2021/04/06 22:46:09+00,Main St,0,0,0,1,Downtown,44.47554152,-73.2112855,Central,2
295622,4413,Trespass,Other,2021/04/07 13:26:30+00,Cherry St,0,0,0,0,Downtown,44.47958108,-73.21166314,Central,2
295629,4420,Counterfeiting,Financial Crime,2021/04/07 15:30:26+00,Lake St,0,0,0,0,OldNorthEnd,44.48296831,-73.22278552,Central,3
295752,4543,Disorderly Conduct,Quality of Life,2021/04/09 15:29:19+00,S Winooski Ave,0,0,0,0,Downtown,44.47808494,-73.21056556,East,2
295987,4779,Assault - Simple,Assault,2021/04/13 06:14:37+00,Buell St,0,0,0,0,Downtown,44.47891013,-73.20978977,East,1
296040,4832,DUI,Motor Vehicle,2021/04/13 20:38:06+00,Riverside Ave/N Winooski Ave,0,1,0,1,OldNorthEnd,44.48964776,-73.20584696,Central,1
296061,4853,Disorderly Conduct,Quality of Life,2021/04/14 11:51:36+00,Cherry St,1,0,0,0,Downtown,44.47944071,-73.21355375,Central,2
296141,4933,Trespass,Other,2021/04/15 17:11:44+00,S Winooski Ave,1,0,0,0,Downtown,44.47810595,-73.2105561,East,2
296188,4980,Crash - LSA,Motor Vehicle,2021/04/16 13:27:31+00,Colchester Ave/Chase St,0,0,0,0,UniversityHillSection,44.48660096,-73.18697624,East,2
296191,4983,Assault - Simple,Assault,2021/04/15 13:57:00+00,Cherry St,0,0,0,0,Downtown,44.47889224,-73.21400076,Central,1
296251,5043,Crash - LSA,Motor Vehicle,2021/04/17 14:56:45+00,Colchester Ave/Barrett St,0,0,0,0,UniversityHillSection,44.48795764,-73.18671649,East,2
296269,5061,Assault - Aggravated,Assault,2021/04/17 22:27:00+00,Church St/Cherry St,0,1,0,1,Downtown,44.47929742,-73.21273577,Central,1
296282,5074,Trespass,Other,2021/04/18 08:45:10+00,Colchester Ave,0,0,0,0,UniversityHillSection,44.47964772,-73.19413998,East,2
296312,5104,Assault - Aggravated,Assault,2021/04/18 22:17:57+00,Pine St,0,1,0,1,SouthEnd,44.46412218,-73.21441125,South,1
296411,5204,Violation of Conditions of Release,Court Order,2021/04/21 08:40:43+00,Glen Rd,0,1,0,0,SouthEnd,44.45563657,-73.20654866,South,2
296425,5218,DLS,Motor Vehicle,2021/04/21 13:28:46+00,Pearl St/George St,0,0,0,0,Downtown,44.48035035,-73.21503762,Central,3
296434,5227,Vandalism,Property,2021/04/21 17:21:38+00,College St,0,0,0,0,Downtown,44.4772167,-73.21388919,Central,3
296492,5285,DUI,Motor Vehicle,2021/04/22 17:32:22+00,N Winooski Ave/Grant St,0,0,0,1,UniversityHillSection,44.48227824,-73.21130097,Central,1
296555,5348,Assault - Simple,Assault,2021/04/23 21:10:17+00,Colchester Ave,0,0,0,0,UniversityHillSection,44.47967213,-73.19413725,East,1
296664,5457,Larceny - Other,Property,2021/04/26 10:24:05+00,Allen St,0,0,0,0,OldNorthEnd,44.48394337,-73.21509536,Central,3
296676,5469,Burglary,Property,2021/04/26 12:22:51+00,Lakeside Ave,0,0,0,0,SouthEnd,44.46135777,-73.22014235,South,2
296678,5471,Larceny - from Motor Vehicle,Property,2021/04/26 12:42:07+00,Pine St,0,0,0,0,Downtown,44.47786704,-73.21624591,Central,3
296721,5515,Fraud,Financial Crime,2021/04/27 09:35:30+00,Colchester Ave,0,0,0,0,UniversityHillSection,44.47966565,-73.19411644,East,3
296797,5591,Retail Theft,Property,2021/04/28 12:59:21+00,Cherry St,0,0,0,0,Downtown,44.47890626,-73.2140055,Central,3
296823,5617,Assault - Simple,Assault,2021/04/28 21:15:22+00,Colchester Ave,0,0,0,0,UniversityHillSection,44.47965509,-73.19411965,East,1
296833,5627,Trespass,Other,2021/04/29 07:47:11+00,Colchester Ave,1,0,0,0,UniversityHillSection,44.47964159,-73.19411758,East,2
296859,5653,Assault - Simple,Assault,2021/04/29 12:35:21+00,St. Paul St,1,0,0,0,SouthEnd,44.4726747,-73.21317688,South,1
296914,5708,Possession of Stolen Property,Property,2021/04/30 15:10:27+00,Sears Ln,0,0,0,0,SouthEnd,44.45847184,-73.21675591,South,3
296953,5747,DUI,Motor Vehicle,2021/05/01 05:26:11+00,S Union St,0,0,0,1,SouthEnd,44.46535954,-73.20774097,South,1
296996,5790,DUI,Motor Vehicle,2021/05/01 22:30:12+00,North Ave / Red Maple Lane,0,0,0,1,NewNorthEnd,44.51555272,-73.25650221,North,1
297021,5815,Assault - Simple,Assault,2021/05/02 09:44:12+00,Colchester Ave,1,0,0,0,UniversityHillSection,44.47966867,-73.1941013,East,1
297061,5855,Trespass,Other,2021/05/03 07:29:33+00,Shelburne Rd,0,0,0,1,SouthEnd,44.45104974,-73.20951415,South,2
297098,5892,DUI,Motor Vehicle,2021/05/03 20:03:00+00,Myrtle St,0,0,0,1,OldNorthEnd,44.48521875,-73.21870269,Central,1
297130,5924,Trespass,Other,2021/05/04 15:02:40+00,Shelburne Rd,0,0,0,0,SouthEnd,44.45106013,-73.20950767,South,2
297152,5946,Vandalism,Property,2021/05/04 22:46:44+00,N Winooski Ave,0,1,0,0,OldNorthEnd,44.48875777,-73.20721663,Central,3
297279,6073,Drugs - Possession,Drugs,2021/05/07 10:56:24+00,North Ave,0,1,0,0,OldNorthEnd,44.4823364,-73.22108987,Central,3
297331,6125,Assault - Simple,Assault,2021/05/08 06:26:23+00,Colchester Ave,0,0,0,0,UniversityHillSection,44.4796512,-73.19412021,East,1
297356,6150,Violation of Conditions of Release,Court Order,2021/05/08 15:55:14+00,Conger Ave,0,1,0,0,SouthEnd,44.46040292,-73.21993502,South,2
297370,6164,Trespass,Other,2021/05/08 20:10:22+00,Church St,0,0,0,0,Downtown,44.47870251,-73.21501877,Central,2
297400,6194,Fraud,Financial Crime,2021/05/09 11:32:19+00,Pearl Street,0,0,0,0,OldNorthEnd,44.48052009,-73.21798152,Central,3
297402,6196,Disturbance,Quality of Life,2021/05/09 12:43:56+00,Pearl St,0,0,0,0,OldNorthEnd,44.4804422,-73.2156331,Central,2
297405,6199,DUI,Motor Vehicle,2021/05/09 13:48:00+00,S Prospect St/Pearl St,0,1,0,1,UniversityHillSection,44.480757,-73.20073598,East,1
297444,6238,Assault - Simple,Assault,2021/05/10 06:49:27+00,King St,1,0,0,0,Downtown,44.47463813,-73.21290571,South,1
297673,6467,Retail Theft,Property,2021/05/12 19:12:00+00,Church St,0,0,0,0,Downtown,44.4786027,-73.21245837,Central,3
297694,6488,Assault - Simple,Assault,2021/05/14 02:16:00+00,S Williams St,0,1,0,1,UniversityHillSection,44.47718567,-73.2032998,East,1
297709,6503,Possession of Stolen Property,Property,2021/05/14 11:07:13+00,Old Dump Road,0,0,0,0,OldNorthEnd,44.49086495,-73.21119626,Central,3
297850,6645,Trespass,Other,2021/05/16 09:10:18+00,N Champlain St,0,0,0,0,OldNorthEnd,44.48116761,-73.21775363,Central,2
297870,6665,Trespass,Other,2021/05/16 14:42:45+00,Church St,0,0,0,0,Downtown,44.47910466,-73.21322187,Central,2
297899,6694,Traffic,Motor Vehicle,2021/05/16 21:25:02+00,Birchcliff Pkwy / Pine St,0,0,0,0,SouthEnd,44.45924472,-73.21442881,South,3
297972,6767,Vandalism,Property,2021/05/17 23:14:00+00,North Ave,1,0,0,0,OldNorthEnd,44.48231889,-73.22108718,Central,3
298035,6830,Assault - Simple,Assault,2021/05/18 19:23:02+00,Hyde St,0,0,0,0,UniversityHillSection,44.48754581,-73.20714699,Central,1
298038,6833,Impeding a Public Officer,Impeding Police,2021/05/18 21:12:00+00,North St,0,1,0,0,OldNorthEnd,44.48476339,-73.21669342,Central,2
298057,6852,Robbery,Assault,2021/05/19 03:09:00+00,Pine St,0,0,0,0,SouthEnd,44.46104456,-73.21503911,South,1
298071,6866,Vandalism,Property,2021/05/19 09:24:09+00,King St,0,0,0,0,Downtown,44.4750284,-73.209972,South,3
298090,6885,Trespass,Other,2021/05/19 13:31:43+00,Colchester Ave,0,0,0,0,UniversityHillSection,44.47965993,-73.19413597,East,2
298161,6956,Violation of Conditions of Release,Court Order,2021/05/20 04:58:23+00,Walnut St,0,1,0,0,OldNorthEnd,44.49016984,-73.21272363,Central,2
298164,6959,Disorderly Conduct,Quality of Life,2021/05/20 08:39:44+00,Main St,1,0,0,1,Downtown,44.47567867,-73.21044923,South,2
298234,7029,DUI,Motor Vehicle,2021/05/20 22:38:03+00,Brookes Ave/N Willard St,0,1,0,1,UniversityHillSection,44.48211719,-73.20574972,Central,1
298300,7095,Retail Theft,Property,2021/05/21 18:39:10+00,Battery St,1,0,0,0,Downtown,44.47655235,-73.21911611,Central,3
298315,7110,Assault - Aggravated,Assault,2021/05/21 21:26:00+00,College St/Center St,0,1,0,1,Downtown,44.47713628,-73.21149757,Central,1
298327,7122,DUI,Motor Vehicle,2021/05/21 23:50:00+00,Pearl St/N Winooski Ave,0,0,0,1,OldNorthEnd,44.48048667,-73.21123835,Central,1
298363,7158,Trespass,Other,2021/05/22 12:44:57+00,Church Street,0,0,0,0,Downtown,44.47951187,-73.21288574,Central,2
298365,7160,Vandalism,Property,2021/05/22 13:19:00+00,College St/S Champlain St,0,0,0,0,Downtown,44.47690582,-73.21714467,Central,3
298368,7163,Vandalism,Property,2021/05/22 13:37:21+00,North Ave,0,0,0,0,OldNorthEnd,44.4823216,-73.22108919,Central,3
298379,7174,Intoxication,Quality of Life,2021/05/22 16:15:57+00,Battery Park,0,0,0,1,OldNorthEnd,44.48106804,-73.21993424,Central,3
298401,7196,Violation of Conditions of Release,Court Order,2021/05/22 21:25:04+00,Main St,0,0,0,1,Downtown,44.47614158,-73.21206313,Central,2
298407,7202,Vandalism,Property,2021/05/22 22:56:32+00,Spruce St,0,0,0,0,SouthEnd,44.47070932,-73.20974029,South,3
298431,7226,Assault - Aggravated,Assault,2021/05/23 02:19:33+00,Main St/Church St,0,0,0,1,Downtown,44.47596549,-73.21250957,Central,1
298464,7259,Larceny - from Building,Property,2021/05/23 19:35:16+00,Pearl St,0,0,0,0,Downtown,44.48038169,-73.2095376,East,3
298568,7364,DUI,Motor Vehicle,2021/05/25 16:52:09+00,Pearl St,0,0,0,1,OldNorthEnd,44.48047055,-73.21799792,Central,1
298635,7431,Disturbance,Quality of Life,2021/05/26 20:00:35+00,Northgate Rd,0,0,0,0,NewNorthEnd,44.52002529,-73.26578772,North,2
298723,7519,Assault - Simple,Assault,2021/05/28 01:30:00+00,Colchester Ave,0,0,0,0,UniversityHillSection,44.47965949,-73.19413229,East,1
298801,7597,Assault - Simple,Assault,2021/05/29 12:00:00+00,Bank St/Center St,0,0,0,0,Downtown,44.47824726,-73.21158573,Central,1
298811,7607,Retail Theft,Property,2021/05/29 15:07:18+00,Church St,0,0,0,0,Downtown,44.4795755,-73.2132057,Central,3
299094,7890,Drugs - Sale,Drugs,2021/06/03 15:18:01+00,Russell St,0,1,0,0,UniversityHillSection,44.4859125,-73.2066973,Central,3
299219,8015,Homicide,Assault,2021/06/05 03:09:37+00,Main St,0,0,0,1,Downtown,44.4756614,-73.21312621,Central,1
299372,8168,Trespass,Other,2021/06/07 13:25:58+00,Colchester Ave,0,0,0,0,UniversityHillSection,44.47967021,-73.1941207,East,2
299377,8173,Trespass,Other,2021/06/07 14:35:02+00,Cherry St,0,0,0,0,Downtown,44.47955688,-73.21169013,Central,2
299392,8188,DUI,Motor Vehicle,2021/06/07 19:24:58+00,North Beach,0,0,0,0,NewNorthEnd,44.49275589,-73.24036421,North,1
299437,8233,Trespass,Other,2021/06/08 12:30:59+00,North St,1,0,0,0,OldNorthEnd,44.48488074,-73.21166465,Central,2
299455,8251,Assault - Simple,Assault,2021/06/08 14:53:00+00,Church St/Main St,1,0,0,0,Downtown,44.47595491,-73.21253374,Central,1
299541,8337,Burglary,Property,2021/06/09 11:34:27+00,Hickok Pl,0,0,0,0,UniversityHillSection,44.48140567,-73.20711009,Central,2
299545,8341,Assault - Simple,Assault,2021/06/09 11:58:06+00,Sears Lane,0,0,0,0,SouthEnd,44.45844986,-73.21440267,South,1
299574,8370,Assault - Simple,Assault,2021/06/09 15:28:16+00,Pearl St,0,0,0,0,Downtown,44.48031774,-73.21191296,Central,1
299676,8472,Trespass,Other,2021/06/10 17:44:27+00,Colchester Ave,0,0,0,0,UniversityHillSection,44.47965595,-73.19410426,East,2
299727,8523,Retail Theft,Property,2021/06/11 15:12:50+00,Cherry St,0,0,0,0,Downtown,44.47888828,-73.21401685,Central,3
299847,8644,DUI,Motor Vehicle,2021/06/13 03:48:39+00,Riverside Ave,0,1,0,0,UniversityHillSection,44.48799174,-73.20039325,East,1
299887,8685,Assault - Simple,Assault,2021/06/13 21:12:43+00,North Beach,0,0,0,0,NewNorthEnd,44.4927289,-73.2403919,North,1
299906,8704,Trespass,Other,2021/06/14 02:13:19+00,Colchester Ave,0,0,0,0,UniversityHillSection,44.47964675,-73.19413484,East,2
299908,8706,Assault - Simple,Assault,2021/06/14 03:43:44+00,Luck St/St Marys St,0,0,0,0,OldNorthEnd,44.49010563,-73.21055022,Central,1
299918,8716,Trespass,Other,2021/06/14 08:49:39+00,Shelburne Rd,0,0,0,0,SouthEnd,44.44937703,-73.21097341,South,2
299955,8753,Vandalism,Property,2021/06/14 17:59:19+00,Scarff Ave,0,1,0,0,SouthEnd,44.45168048,-73.2098287,South,3
299985,8783,Assault - Aggravated,Assault,2021/06/15 10:05:41+00,Cherry St,0,0,0,0,Downtown,44.4797798,-73.21408097,Central,1
300008,8806,Larceny - from Motor Vehicle,Property,2021/06/15 14:49:07+00,Lawson Lane,0,0,0,0,Downtown,44.47654772,-73.21480862,Central,3
300028,8826,Disorderly Conduct,Quality of Life,2021/06/15 18:27:09+00,George St/Pearl St,0,0,0,0,Downtown,44.48038187,-73.21506118,Central,2
300044,8842,Vandalism,Property,2021/06/15 23:02:37+00,Church St,0,0,0,0,Downtown,44.48020353,-73.21252004,Central,3
300060,8858,Crash - LSA,Motor Vehicle,2021/06/16 09:00:43+00,Loomis St,0,0,0,0,UniversityHillSection,44.48308063,-73.20499208,East,2
300088,8886,Trespass,Other,2021/06/16 13:57:44+00,Cherry St,0,0,0,0,Downtown,44.4795587,-73.21166877,Central,2
300169,8968,Possession of Stolen Property,Property,2021/06/18 12:10:01+00,Church St,0,0,0,0,Downtown,44.47834386,-73.21239426,Central,3
300193,8992,Assault - Simple,Assault,2021/06/18 19:13:58+00,Colchester Ave,0,0,0,0,UniversityHillSection,44.47966679,-73.19412595,East,1
300207,9006,Assault - Simple,Assault,2021/06/19 00:20:43+00,Riverside Ave,0,0,0,0,OldNorthEnd,44.48933864,-73.20887631,Central,1
300344,9143,Assault - Aggravated,Assault,2021/06/21 03:24:00+00,Main St/S Winooski Ave,0,0,0,1,Downtown,44.47600025,-73.21100444,Central,1
300347,9146,Assault - Simple,Assault,2021/06/21 05:47:40+00,Maple St,0,0,0,0,SouthEnd,44.47349263,-73.21336439,South,1
300350,9149,Motor Vehicle Complaint,Motor Vehicle,2021/06/21 08:50:24+00,Pearl St / N Union St,0,0,0,0,UniversityHillSection,44.48055184,-73.20933702,East,3
300400,9199,Vandalism,Property,2021/06/21 21:46:00+00,King St,0,1,0,0,Downtown,44.47480092,-73.2158617,Central,3
300444,9243,Assault - Simple,Assault,2021/06/22 12:31:22+00,Colchester Ave,1,0,0,0,UniversityHillSection,44.47964977,-73.19412064,East,1
300469,9268,Larceny - from Motor Vehicle,Property,2021/06/22 19:06:21+00,Mill St,0,0,0,0,UniversityHillSection,44.48822814,-73.18580304,East,3
300487,9286,Assault - Aggravated,Assault,2021/06/22 22:42:24+00,Franklin Sq,0,0,0,0,NewNorthEnd,44.51617134,-73.25505157,North,1
300488,9287,Trespass,Other,2021/06/22 23:00:25+00,Shelburne Rd,0,0,0,1,SouthEnd,44.4510675,-73.20953332,South,2
300497,9296,Assault - Simple,Assault,2021/06/23 08:55:07+00,N Champlain St,0,1,0,0,OldNorthEnd,44.48746541,-73.21775365,Central,1
300501,9300,Trespass,Other,2021/06/23 09:43:22+00,King St,0,0,0,0,Downtown,44.47431798,-73.22160081,South,2
300511,9310,Larceny - from Motor Vehicle,Property,2021/06/23 11:07:38+00,Cherry St,0,0,0,0,Downtown,44.47895164,-73.21840401,Central,3
300545,9344,Assault - Simple,Assault,2021/06/23 22:02:00+00,Cambrian Way/North Ave,0,0,0,1,OldNorthEnd,44.49047618,-73.22711753,North,1
300734,9533,Violation of Conditions of Release,Court Order,2021/06/26 23:44:35+00,St Paul St/Main St,0,0,0,0,Downtown,44.47589286,-73.21400909,Central,2
300735,9534,Larceny - from Motor Vehicle,Property,2021/06/27 00:28:52+00,College St,0,0,0,0,Downtown,44.47797191,-73.21714755,Central,3
300770,9569,Vandalism,Property,2021/06/27 14:57:21+00,College St,0,0,0,0,Downtown,44.47683906,-73.21006744,East,3
300779,9578,Assault - Simple,Assault,2021/06/27 17:42:16+00,Pearl St,0,0,0,0,UniversityHillSection,44.48069872,-73.21062237,Central,1
300781,9580,DUI,Motor Vehicle,2021/06/27 18:51:16+00,North Ave / Institute Rd,0,0,0,1,NewNorthEnd,44.49711456,-73.23232379,North,1
300828,9627,Trespass,Other,2021/06/28 11:55:40+00,Church Street,0,0,0,0,Downtown,44.47950151,-73.21289296,Central,2
300861,9660,Trespass,Other,2021/06/28 19:58:18+00,Cherry St,0,0,0,1,Downtown,44.47976948,-73.2140899,Central,2
300970,9769,Disorderly Conduct,Quality of Life,2021/06/30 11:45:58+00,Cherry St/Pearl St,0,0,0,0,Downtown,44.47926299,-73.21295414,Central,2
300980,9779,Assault - Simple,Assault,2021/06/30 13:18:10+00,Marketplace Garage,1,0,0,0,Downtown,44.47874807,-73.21171542,Central,1
300998,9797,Disorderly Conduct by Electronic Communication,Quality of Life,2021/06/30 18:17:29+00,North Ave,0,0,0,1,OldNorthEnd,44.48234465,-73.22109312,Central,3
301166,9966,Identity Theft,Financial Crime,2021/07/03 08:26:00+00,Ledgewood Cir,0,0,0,0,SouthEnd,44.45058168,-73.2233751,South,3
301203,10003,Assault - Aggravated,Assault,2021/07/03 18:30:29+00,Randy Ln,0,0,0,0,NewNorthEnd,44.51594375,-73.24499616,North,1
301241,10041,Trespass,Other,2021/07/04 01:20:42+00,Pine St,0,1,0,1,Downtown,44.4742796,-73.21566369,South,2
301271,10071,DUI,Motor Vehicle,2021/07/04 08:37:30+00,North Ave,0,1,0,0,NewNorthEnd,44.51701957,-73.2600177,North,1
301363,10163,Trespass,Other,2021/07/05 14:11:50+00,Maple St,0,0,0,0,SouthEnd,44.4735248,-73.21281932,South,2
301459,10259,Mental Health Issue,Public Service,2021/07/07 08:07:57+00,City Hall Park,0,0,0,0,Downtown,44.47640358,-73.21346432,Central,2
301475,10275,DLS,Motor Vehicle,2021/07/07 11:54:26+00,King St/st Paul St,0,0,0,0,Downtown,44.47472447,-73.21392486,South,3
301485,10285,Trespass,Other,2021/07/07 14:01:42+00,Main St,0,0,0,1,Downtown,44.47561776,-73.21454668,Central,2
301522,10322,Crash - Injury to person(s),Motor Vehicle,2021/07/08 03:05:30+00,Buell St,0,0,0,1,UniversityHillSection,44.47934521,-73.20748939,East,1
301527,10327,Assault - Aggravated,Assault,2021/07/08 07:48:00+00,North Ave,0,0,0,0,NewNorthEnd,44.51238758,-73.25182487,North,1
301533,10333,Crash - LSA,Motor Vehicle,2021/07/08 09:15:31+00,Pine St/Maple St,0,0,0,0,Downtown,44.47357126,-73.2154243,South,2
301574,10374,Robbery,Assault,2021/07/08 16:21:02+00,St Paul St,0,0,0,0,SouthEnd,44.47231647,-73.21411095,South,1
301597,10397,Assault - Aggravated,Assault,2021/07/09 02:27:42+00,Church St/Main St,0,0,0,1,Downtown,44.4759368,-73.21253083,Central,1
301608,10408,Assault - Aggravated,Assault,2021/07/09 08:49:35+00,Maple St,0,0,0,0,SouthEnd,44.47356081,-73.21283382,South,1
301643,10443,Drugs - Sale,Drugs,2021/07/09 16:07:18+00,Maple St,0,1,0,0,SouthEnd,44.47351485,-73.21337443,South,3
301718,10518,Assault - Simple,Assault,2021/07/10 17:36:15+00,King St/S Union St,0,0,0,0,Downtown,44.47486081,-73.20887095,South,1
301732,10532,DLS,Motor Vehicle,2021/07/10 23:14:10+00,Main St/S Winooski Ave,0,0,0,0,Downtown,44.47599915,-73.21100935,Central,3
301748,10548,Crash - LSA,Motor Vehicle,2021/07/11 11:02:14+00,Main St/East Ave,0,0,0,0,UniversityHillSection,44.4730676,-73.19128,East,2
301759,10559,Disorderly Conduct,Quality of Life,2021/07/11 14:01:39+00,Battery Park,0,0,0,1,OldNorthEnd,44.48108649,-73.2199489,Central,2
301834,10634,Assault - Simple,Assault,2021/07/12 12:15:36+00,Colchester Ave,1,0,0,0,UniversityHillSection,44.47967182,-73.19413391,East,1
301925,10725,Disturbance,Quality of Life,2021/07/13 17:02:00+00,Main St,0,0,0,0,Downtown,44.47567883,-73.21283976,Central,2
301942,10742,Assault - Aggravated,Assault,2021/07/13 22:44:33+00,Pearl St/Church St,0,0,0,0,OldNorthEnd,44.48044802,-73.21279617,Central,1
301968,10768,Identity Theft,Financial Crime,2021/07/14 11:41:24+00,Battery St,0,0,0,0,Downtown,44.47789676,-73.2180755,Central,3
302029,10829,Trespass,Other,2021/07/15 09:31:00+00,Cathedral Sq,0,0,0,0,Downtown,44.47949968,-73.21784432,Central,2
302060,10860,Drugs - Possession,Drugs,2021/07/15 15:22:07+00,Park St/Monroe St,0,1,0,0,OldNorthEnd,44.48131488,-73.21908372,Central,3
302198,10998,Burglary,Property,2021/07/17 17:33:09+00,Church St,0,0,0,0,Downtown,44.47952178,-73.2128774,Central,2
302224,11024,Assault - Simple,Assault,2021/07/18 01:10:42+00,Church St,0,0,0,1,Downtown,44.47657617,-73.21235878,Central,1
302230,11030,DUI,Motor Vehicle,2021/07/18 02:19:39+00,S Winooski Ave/Main St,0,0,0,1,Downtown,44.47597669,-73.21097977,Central,1
302243,11043,Assault - Simple,Assault,2021/07/18 15:00:11+00,North Ave,1,0,0,0,OldNorthEnd,44.48440167,-73.22258856,Central,1
302248,11048,Arrest on Warrant,Court Order,2021/07/18 17:49:46+00,Church St,0,0,0,0,Downtown,44.47490994,-73.21267508,Central,3
302258,11058,Motor Vehicle Complaint,Motor Vehicle,2021/07/18 20:09:00+00,Rt 127/north Ave,1,0,0,1,NewNorthEnd,44.50103327,-73.23687417,North,3
302306,11106,Larceny - from Building,Property,2021/07/19 19:13:14+00,Park St,0,0,0,0,OldNorthEnd,44.48295623,-73.2194965,Central,3
302325,11125,Burglary,Property,2021/07/20 07:24:00+00,Main St,0,0,0,0,Downtown,44.47615431,-73.21835414,Central,2
302327,11127,DLS,Motor Vehicle,2021/07/20 07:42:43+00,Colchester Ave / Mansfield Ave,0,0,0,0,UniversityHillSection,44.48061465,-73.19869116,East,3
302394,11194,Disorderly Conduct,Quality of Life,2021/07/21 07:51:58+00,S Winooski Ave/Main St,1,0,0,0,Downtown,44.47600858,-73.2109837,Central,2
302423,11223,Trespass,Other,2021/07/21 16:52:00+00,Colchester Ave,0,0,0,0,UniversityHillSection,44.47964389,-73.19410999,East,2
302649,11449,Crash - LSA,Motor Vehicle,2021/07/24 14:04:07+00,S Prospect St/Maple St,0,0,0,0,SouthEnd,44.47412241,-73.2006122,South,2
302683,11483,Violation of Conditions of Release,Court Order,2021/07/24 21:56:00+00,Battery Park,0,0,0,0,OldNorthEnd,44.4810848,-73.21993857,Central,2
302734,11535,Burglary,Property,2021/07/25 20:11:34+00,Shelburne St,0,0,0,0,SouthEnd,44.45106191,-73.20949087,South,2
302808,11609,Retail Theft,Property,2021/07/26 21:46:09+00,Cherry St,0,0,0,1,Downtown,44.47958437,-73.21168257,Central,3
302831,11632,Larceny - from Building,Property,2021/07/27 09:30:22+00,Main St,0,1,0,0,Downtown,44.47558848,-73.2157329,Central,3
302952,11753,Retail Theft,Property,2021/07/28 22:10:14+00,Cherry St,0,1,0,0,Downtown,44.47957961,-73.21168166,Central,3
302971,11772,Burglary,Property,2021/07/29 08:06:00+00,Riverside Ave,0,0,0,0,UniversityHillSection,44.48618814,-73.19063517,East,2
302977,11778,Forgery,Financial Crime,2021/07/29 09:56:56+00,College St,0,0,0,0,UniversityHillSection,44.47764254,-73.20747558,East,3
303046,11847,Retail Theft,Property,2021/07/30 09:22:02+00,North Ave,0,0,0,0,OldNorthEnd,44.49014201,-73.22652237,North,3
303078,11879,Assault - Aggravated,Assault,2021/07/30 18:02:18+00,Main st/S Prospect st,0,0,0,0,UniversityHillSection,44.47636547,-73.20069638,South,1
303110,11911,Trespass,Other,2021/07/31 02:18:00+00,Main St,0,0,0,1,Downtown,44.47550372,-73.20979663,South,2
303115,11916,Assault - Aggravated,Assault,2021/07/31 03:15:00+00,S Winooski Ave/Bank St,0,0,0,0,Downtown,44.47823829,-73.21108959,East,1
303127,11928,Assault - Aggravated,Assault,2021/07/31 09:44:38+00,Battery Park,0,1,0,0,OldNorthEnd,44.48106565,-73.21993309,Central,1
303135,11936,Assault - Simple,Assault,2021/07/31 12:46:04+00,Church St/Cherry St,0,0,0,1,Downtown,44.47930568,-73.21272654,Central,1
303153,11954,Disorderly Conduct,Quality of Life,2021/07/31 18:23:42+00,Spring St,0,0,0,0,OldNorthEnd,44.48812318,-73.21485776,Central,2
303186,11988,Trespass,Other,2021/08/01 02:12:00+00,Shelburne Rd,0,0,0,0,SouthEnd,44.44823074,-73.20972398,South,2
303214,12016,Retail Theft,Property,2021/08/01 11:56:59+00,Cherry St,0,0,0,0,Downtown,44.47888533,-73.21400373,Central,3
303286,12088,Assault - Aggravated,Assault,2021/08/02 15:37:33+00,City Hall Park,0,0,0,0,Downtown,44.47641874,-73.21346067,Central,1
303298,12100,DLS,Motor Vehicle,2021/08/02 18:07:00+00,North St/Elmwood Ave,0,0,0,0,OldNorthEnd,44.48473574,-73.21388644,Central,3
303335,12137,Trespass,Other,2021/08/03 08:34:01+00,Riverside Ave,0,0,0,0,OldNorthEnd,44.48942994,-73.20705859,Central,2
303385,12187,Retail Theft,Property,2021/08/03 19:13:51+00,Cherry St,0,0,0,0,Downtown,44.47890423,-73.21400606,Central,3
303430,12232,Drugs - Possession,Drugs,2021/08/04 09:07:00+00,Russell St,0,1,0,0,UniversityHillSection,44.48593669,-73.20671696,Central,3
303565,12367,Larceny - from Building,Property,2021/08/06 12:30:48+00,North Ave,0,0,0,0,OldNorthEnd,44.48390007,-73.22156744,Central,3
303609,12411,Reckless Endangerment,Assault,2021/08/07 01:36:00+00,S Winooski Ave,0,1,0,0,Downtown,44.47796586,-73.2112781,Central,2
303704,12506,Retail Theft,Property,2021/08/08 17:42:24+00,Church St,0,0,0,0,Downtown,44.47908727,-73.21324196,Central,3
303729,12531,Vandalism,Property,2021/08/09 04:55:00+00,Park St/Myrtle St,0,0,0,0,OldNorthEnd,44.4851178,-73.21929693,Central,3
303870,12672,Assault - Simple,Assault,2021/08/10 20:36:18+00,Spruce St,0,0,0,1,SouthEnd,44.470397,-73.20755813,South,1
303879,12681,Trespass,Other,2021/08/10 22:16:56+00,Marketplace,0,0,0,1,Downtown,44.47588539,-73.21206266,Central,2
303962,12764,Vandalism,Property,2021/08/12 08:08:54+00,Grant St/N Union St,0,0,0,0,UniversityHillSection,44.4823576,-73.20942283,Central,3
303968,12770,Retail Theft,Property,2021/08/12 09:48:56+00,Shelburne Rd,0,0,0,0,SouthEnd,44.44937581,-73.21097651,South,3
303994,12796,Trespass,Other,2021/08/12 14:00:41+00,Cherry St,1,0,0,1,Downtown,44.47954949,-73.21165974,Central,2
304018,12820,DUI,Motor Vehicle,2021/08/12 20:13:00+00,North Ave,0,0,0,1,OldNorthEnd,44.48234602,-73.2211044,Central,1
304145,12947,Violation of Conditions of Release,Court Order,2021/08/14 15:26:32+00,Leddy Park,0,0,0,1,NewNorthEnd,44.50368673,-73.25018286,North,2
304178,12980,Crash - LSA,Motor Vehicle,2021/08/15 03:11:07+00,North St/North Ave,0,0,0,0,OldNorthEnd,44.48442587,-73.22233716,Central,2
304204,13006,Retail Theft,Property,2021/08/15 12:46:45+00,Church St,0,0,0,0,Downtown,44.47908455,-73.21325826,Central,3
304341,13143,Drugs - Sale,Drugs,2021/08/17 15:34:00+00,Church St,0,1,0,0,Downtown,44.47491865,-73.21264325,Central,3
304584,13386,Assault - Aggravated,Assault,2021/08/21 02:34:24+00,Church St/Main St,0,0,0,0,Downtown,44.47596167,-73.21253991,Central,1
304591,13393,Assault - Simple,Assault,2021/08/21 09:01:14+00,Colchester Ave,0,0,0,0,UniversityHillSection,44.4796595,-73.19410852,East,1
304616,13418,Larceny from a Person,Property,2021/08/21 19:29:44+00,Church St,0,0,0,0,Downtown,44.4772248,-73.21280121,Central,1
304635,13437,Violation of Conditions of Release,Court Order,2021/08/22 00:08:19+00,S Winooski Ave/Pearl St,0,0,0,0,OldNorthEnd,44.48048083,-73.21124219,Central,2
304708,13510,Larceny from a Person,Property,2021/08/23 10:24:43+00,Cherry St,0,0,0,0,Downtown,44.47977622,-73.21408262,Central,1
304773,13575,Burglary,Property,2021/08/24 08:24:10+00,Pine St,0,0,0,0,SouthEnd,44.4595244,-73.21516103,South,2
304848,13650,Recovered Property,Public Service,2021/08/24 21:55:03+00,Sears Lane Encampment,0,0,0,0,SouthEnd,44.45847319,-73.21675409,South,3
304882,13684,Retail Theft,Property,2021/08/25 15:17:39+00,Cherry St,0,0,0,0,Downtown,44.47888922,-73.21399492,Central,3
304886,13688,Retail Theft,Property,2021/08/25 15:39:58+00,Church St,0,0,0,0,Downtown,44.47910588,-73.21325574,Central,3
304898,13700,Disorderly Conduct,Quality of Life,2021/08/25 18:09:12+00,Flynn Ave,0,0,0,0,SouthEnd,44.45524289,-73.21798872,South,2
305074,13877,Retail Theft,Property,2021/08/28 13:39:12+00,Church St,0,1,0,0,Downtown,44.47909614,-73.21325155,Central,3
305081,13884,Disorderly Conduct,Quality of Life,2021/08/28 16:56:41+00,Main St/S Winooski Ave,0,0,0,1,Downtown,44.4760044,-73.21099357,Central,2
305139,13942,Larceny - from Building,Property,2021/08/29 11:59:43+00,Church St,0,0,0,0,Downtown,44.47952943,-73.21290379,Central,3
305158,13961,DLS,Motor Vehicle,2021/08/29 20:28:49+00,S Winooski Ave/Pearl St,0,0,0,0,OldNorthEnd,44.48050823,-73.2112303,Central,3
305159,13962,Assault - Aggravated,Assault,2021/08/29 20:35:15+00,North Ave/Leonard St,0,0,0,0,NewNorthEnd,44.50592765,-73.2435189,North,1
305182,13985,Stolen Vehicle,Property,2021/08/30 08:23:59+00,Pine St,0,0,0,0,SouthEnd,44.46206891,-73.2159654,South,3
305376,14180,Assault - Aggravated,Assault,2021/09/01 13:31:00+00,Flynn Ave,1,0,0,0,SouthEnd,44.4552701,-73.21797788,South,1
305412,14216,Vandalism,Property,2021/09/01 23:28:43+00,Church st,0,0,0,1,Downtown,44.47636427,-73.21290867,Central,3
305457,14261,Drugs - Sale,Drugs,2021/09/02 13:45:34+00,North Ave,0,1,0,0,NewNorthEnd,44.50718387,-73.2452357,North,3
305545,14349,Assault - Aggravated,Assault,2021/09/03 18:22:00+00,Colchester Ave,0,0,0,1,UniversityHillSection,44.47964807,-73.19412333,East,1
305572,14376,Disorderly Conduct,Quality of Life,2021/09/04 00:24:00+00,Riverside Ave,0,0,0,0,UniversityHillSection,44.4880157,-73.2004044,East,2
305578,14382,Disturbance,Quality of Life,2021/09/04 01:33:09+00,St Paul St/Main St,0,0,0,0,Downtown,44.47589891,-73.21399442,Central,2
305582,14386,Disorderly Conduct,Quality of Life,2021/09/04 02:35:00+00,Main St,0,0,0,1,Downtown,44.47570531,-73.21268968,Central,2
305586,14390,Drugs - Possession,Drugs,2021/09/04 02:53:00+00,Wells St/Flynn Ave,0,1,0,0,SouthEnd,44.45523264,-73.21079655,South,3
305588,14392,Larceny from a Person,Property,2021/09/04 03:21:00+00,Pearl St,0,0,0,1,UniversityHillSection,44.48090127,-73.20419233,East,1
305597,14401,Assault - Aggravated,Assault,2021/09/04 09:52:29+00,Battery St/King St,1,0,0,0,Downtown,44.47458267,-73.21859156,Central,1
305607,14411,Assault - Aggravated,Assault,2021/09/04 13:38:21+00,Grant St / N Winooski Ave,0,0,0,0,UniversityHillSection,44.4822931,-73.21131116,Central,1
305761,14565,Trespass,Other,2021/09/06 19:32:00+00,Church St,0,0,0,1,Downtown,44.47503549,-73.21269191,Central,2
305814,14619,Retail Theft,Property,2021/09/07 12:35:53+00,Cherry St,0,0,0,0,Downtown,44.47890466,-73.21399762,Central,3
305850,14655,Crash - LSA,Motor Vehicle,2021/09/07 17:44:06+00,N Champlain St/Poplar St,0,0,0,0,OldNorthEnd,44.48634555,-73.21785575,Central,2
305956,14761,Disorderly Conduct,Quality of Life,2021/09/09 07:47:59+00,church st,1,0,0,0,Downtown,44.47979452,-73.21301898,Central,2
305973,14778,Larceny - from Building,Property,2021/09/09 11:59:05+00,N Champlain St,0,0,0,0,OldNorthEnd,44.48454331,-73.21755435,Central,3
306039,14844,Retail Theft,Property,2021/09/10 09:02:02+00,Cherry St,0,0,0,0,Downtown,44.47889176,-73.21400556,Central,3
306100,14905,Mental Health Issue,Public Service,2021/09/10 23:39:00+00,Riverside Ave,1,0,0,0,OldNorthEnd,44.4897687,-73.20659101,Central,2
306104,14909,DUI,Motor Vehicle,2021/09/11 00:55:00+00,Riverside Ave,0,0,0,1,OldNorthEnd,44.4897563,-73.20659781,Central,1
306162,14967,Assault - Simple,Assault,2021/09/11 19:05:49+00,City Hall Park,0,0,0,1,Downtown,44.47643511,-73.21346189,Central,1
306165,14970,Assault - Simple,Assault,2021/09/11 19:24:00+00,Bank St/church St,1,0,0,1,Downtown,44.47818445,-73.21266979,Central,1
306187,14992,Assault - Aggravated,Assault,2021/09/12 02:25:47+00,City Hall Park,0,0,0,1,Downtown,44.47642679,-73.21346517,Central,1
306203,15008,Disorderly Conduct,Quality of Life,2021/09/12 11:23:11+00,S Winooski Ave,0,0,0,0,Downtown,44.47945092,-73.21033617,East,2
306204,15009,Assault - Simple,Assault,2021/09/12 11:33:38+00,Cherry St,0,0,0,0,Downtown,44.47891765,-73.21401049,Central,1
306205,15010,Disturbance,Quality of Life,2021/09/12 11:38:46+00,Pearl St,0,0,0,0,Downtown,44.48029592,-73.21193922,Central,2
306213,15018,Violation of Conditions of Release,Court Order,2021/09/12 12:28:08+00,Hildred Dr,0,0,0,1,UniversityHillSection,44.48617662,-73.19528371,East,2
306244,15049,DUI,Motor Vehicle,2021/09/12 22:04:00+00,Franklin Sq,0,0,0,1,NewNorthEnd,44.51710702,-73.25401848,North,1
306270,15075,Assault - Aggravated,Assault,2021/09/13 09:38:00+00,Church St/King St,0,0,0,0,Downtown,44.47478439,-73.21241095,South,1
306282,15087,Fraud,Financial Crime,2021/09/13 10:51:32+00,Pine St,0,0,0,0,SouthEnd,44.46769579,-73.21543964,South,3
306293,15098,Possession of Stolen Property,Property,2021/09/13 12:36:18+00,Elmwood Ave,0,1,0,0,OldNorthEnd,44.48627259,-73.21378402,Central,3
306361,15166,Vandalism,Property,2021/09/14 12:10:00+00,Church St,1,0,0,0,Downtown,44.47636233,-73.2129187,Central,3
306366,15171,Disorderly Conduct,Quality of Life,2021/09/14 10:42:35+00,City Hall Park,0,0,0,1,Downtown,44.47643263,-73.21349645,Central,2
306387,15192,Disorderly Conduct,Quality of Life,2021/09/14 12:49:30+00,City Hall Park,0,0,0,1,Downtown,44.47641617,-73.21348587,Central,2
306462,15268,Impeding a Public Officer,Impeding Police,2021/09/15 18:50:00+00,Cherry St,1,0,0,1,Downtown,44.47974912,-73.21408884,Central,2
306486,15292,Burglary,Property,2021/09/16 08:09:28+00,Battery St,0,0,0,0,Downtown,44.47527596,-73.21840177,Central,2
306491,15297,Burglary,Property,2021/09/16 08:36:30+00,Battery St,0,0,0,0,Downtown,44.47440102,-73.21888731,South,2
306544,15350,Trespass,Other,2021/09/16 19:05:16+00,Main St,0,0,0,1,Downtown,44.47619505,-73.21167619,Central,2
306646,15452,Violation of Conditions of Release,Court Order,2021/09/17 18:49:12+00,Avenue C,0,0,0,0,NewNorthEnd,44.50881339,-73.24478202,North,2
306660,15466,Burglary,Property,2021/09/17 21:55:25+00,Summit St,1,0,0,0,SouthEnd,44.47225897,-73.20174632,South,2
306671,15477,Violation of Conditions of Release,Court Order,2021/09/18 00:07:54+00,Main St,0,0,0,1,Downtown,44.47618598,-73.21126788,Central,2
306675,15481,Assault - Simple,Assault,2021/09/18 01:00:45+00,Colchester Ave,0,0,0,0,UniversityHillSection,44.47967872,-73.19413663,East,1
306688,15494,Assault - Simple,Assault,2021/09/18 06:43:34+00,Colchester Ave,1,0,0,0,UniversityHillSection,44.47967904,-73.19410266,East,1
306700,15506,Burglary,Property,2021/09/18 10:16:45+00,Church st,0,0,0,0,Downtown,44.47868517,-73.21501995,Central,2
306710,15516,Stolen Vehicle,Property,2021/09/18 13:13:55+00,Lakeside Ave,0,1,0,0,SouthEnd,44.46133055,-73.22012839,South,3
306729,15535,Retail Theft,Property,2021/09/18 17:15:36+00,S Winooski Ave,0,0,0,0,Downtown,44.47811293,-73.21055645,East,3
306734,15540,Vandalism,Property,2021/09/18 18:09:46+00,College St,0,0,0,0,Downtown,44.47725554,-73.21335003,Central,3
306781,15587,Retail Theft,Property,2021/09/19 09:22:27+00,S Winooski Ave,0,0,0,0,Downtown,44.47811675,-73.21055274,East,3
306799,15605,Retail Theft,Property,2021/09/19 12:40:39+00,North Ave,0,0,0,0,NewNorthEnd,44.50652244,-73.24560689,North,3
306803,15609,Retail Theft,Property,2021/09/19 13:26:09+00,Church St,0,0,0,0,Downtown,44.47953331,-73.21289633,Central,3
306804,15610,Retail Theft,Property,2021/09/19 13:36:17+00,Church St,0,0,0,0,Downtown,44.47864448,-73.21287204,Central,3
306846,15652,DLS,Motor Vehicle,2021/09/20 11:16:00+00,Oakledge Park,0,1,0,0,SouthEnd,44.45611572,-73.22475732,South,3
306877,15683,Possession of Stolen Property,Property,2021/09/20 20:07:11+00,Lavalley Ln,0,0,0,0,SouthEnd,44.47201863,-73.21994053,South,3
306939,15745,Disturbance,Quality of Life,2021/09/21 18:12:26+00,City Hall Park,0,0,0,0,Downtown,44.47642511,-73.21349164,Central,2
306940,15746,Traffic,Motor Vehicle,2021/09/21 18:17:27+00,North Ave / Killarney Dr,0,0,0,0,NewNorthEnd,44.50331063,-73.23997047,North,3
307067,15873,Larceny - from Motor Vehicle,Property,2021/09/19 09:45:00+00,S Williams St,0,0,0,0,UniversityHillSection,44.47840631,-73.20349988,East,3
307125,15931,Violation of Conditions of Release,Court Order,2021/09/23 22:21:56+00,Main St,0,0,0,0,Downtown,44.476119,-73.21154104,Central,2
307239,16045,Crash - LSA,Motor Vehicle,2021/09/25 16:33:51+00,Church St/College St,0,0,0,0,Downtown,44.47709586,-73.21257456,Central,2
307295,16101,Retail Theft,Property,2021/09/26 15:28:15+00,Church St,0,0,0,0,Downtown,44.47910979,-73.21324459,Central,3
307308,16114,Retail Theft,Property,2021/09/26 19:26:24+00,Cherry St,0,0,0,1,Downtown,44.47957812,-73.21166633,Central,3
307350,16156,Stolen Vehicle,Property,2021/09/27 12:40:23+00,N Winooski Ave,0,1,0,0,UniversityHillSection,44.48466223,-73.21110485,Central,3
307390,16196,Disturbance,Quality of Life,2021/09/28 07:28:14+00,Buell St,0,0,0,0,Downtown,44.47889123,-73.20980994,East,2
307432,16238,Vandalism,Property,2021/09/28 15:47:29+00,City Hall Park,0,0,0,0,Downtown,44.47641554,-73.21349751,Central,3
307437,16243,Stolen Vehicle,Property,2021/09/28 17:16:00+00,North Ave,0,0,0,0,OldNorthEnd,44.48388696,-73.22157606,Central,3
307467,16273,Retail Theft,Property,2021/09/29 10:26:19+00,Cherry St,0,0,0,0,Downtown,44.47956624,-73.21165843,Central,3
307516,16322,Vandalism,Property,2021/09/29 18:17:37+00,College St,1,0,0,1,Downtown,44.47694479,-73.2115177,Central,3
307530,16336,Crash - LSA,Motor Vehicle,2021/09/29 23:23:48+00,College St,0,1,0,0,Downtown,44.47732685,-73.20989101,East,2
307550,16356,Larceny - from Motor Vehicle,Property,2021/09/30 08:56:00+00,North Ave,0,0,0,0,OldNorthEnd,44.48348964,-73.22140711,Central,3
307613,16419,Burglary,Property,2021/09/30 23:26:00+00,Cedar St,1,0,0,1,OldNorthEnd,44.48593579,-73.21512988,Central,2
307730,16537,Assault - Simple,Assault,2021/10/02 19:21:46+00,Penny Ln,0,0,0,0,Downtown,44.48161429,-73.22400987,Central,1
307743,16550,Crash - LSA,Motor Vehicle,2021/10/03 03:34:57+00,College St,0,1,0,0,Downtown,44.47679271,-73.21192793,Central,2
307772,16579,Vandalism,Property,2021/10/03 16:40:12+00,King St,0,1,0,0,Downtown,44.47481713,-73.2158541,Central,3
307810,16617,Burglary,Property,2021/10/04 10:50:39+00,Bank St,0,0,0,0,Downtown,44.47804452,-73.21177123,Central,2
307812,16619,Stolen Vehicle,Property,2021/10/04 11:01:39+00,Poirier Pl,0,0,0,0,NewNorthEnd,44.51001803,-73.24707575,North,3
307861,16668,Trespass,Other,2021/10/05 08:08:28+00,S Winooski Ave,0,0,0,0,Downtown,44.47810075,-73.21056386,East,2
307872,16679,Retail Theft,Property,2021/10/05 09:52:03+00,Church St,0,0,0,0,Downtown,44.47953557,-73.21287791,Central,3
307926,16733,Assault - Simple,Assault,2021/10/05 23:49:00+00,Church St/Main St,0,0,0,0,Downtown,44.47594388,-73.2125019,Central,1
307930,16737,DUI,Motor Vehicle,2021/10/06 02:50:00+00,Riverside Ave,0,1,0,0,UniversityHillSection,44.48784327,-73.18694322,East,1
307940,16747,Burglary,Property,2021/10/06 09:57:14+00,Main St,0,0,0,0,Downtown,44.47536417,-73.21911465,Central,2
307993,16800,Trespass,Other,2021/10/07 00:19:16+00,S Union St,0,0,0,0,Downtown,44.47822422,-73.20952047,East,2
308042,16849,Retail Theft,Property,2021/10/07 16:47:39+00,North Ave,0,0,0,0,NewNorthEnd,44.50650731,-73.24560064,North,3
308108,16915,Assault - Simple,Assault,2021/10/08 16:05:02+00,Loomis St,0,0,0,0,UniversityHillSection,44.48350122,-73.20325987,East,1
308123,16930,Trespass,Other,2021/10/08 19:22:40+00,Church St,0,0,0,0,Downtown,44.47952517,-73.21287928,Central,2
308251,17058,Robbery,Assault,2021/10/10 19:24:25+00,Riverside Ave,0,0,0,0,UniversityHillSection,44.48844792,-73.20191802,East,1
308310,17117,Retail Theft,Property,2021/10/11 15:19:54+00,Church St,0,0,0,0,Downtown,44.47908762,-73.21324369,Central,3
308366,17173,Retail Theft,Property,2021/10/12 12:26:16+00,Main St,0,0,0,0,Downtown,44.47565226,-73.21349346,Central,3
308389,17196,Retail Theft,Property,2021/10/12 17:10:18+00,Cherry St,0,0,0,1,Downtown,44.47954835,-73.21168067,Central,3
308392,17199,Retail Theft,Property,2021/10/12 18:01:00+00,Church St,0,0,0,0,Downtown,44.47908467,-73.21323896,Central,3
308421,17228,Stolen Vehicle,Property,2021/10/13 08:44:03+00,Cambrian Way,0,1,0,0,OldNorthEnd,44.49027524,-73.22719897,North,3
308443,17250,Assault - Simple,Assault,2021/10/13 14:00:52+00,Church St,0,0,0,0,Downtown,44.47909294,-73.21323284,Central,1
308458,17265,Assault - Simple,Assault,2021/10/13 17:48:07+00,Sears Lane,0,0,0,0,SouthEnd,44.45846056,-73.21674089,South,1
308466,17273,Trespass,Other,2021/10/13 22:16:37+00,Church St,0,0,0,0,Downtown,44.47950159,-73.21287773,Central,2
308543,17350,Larceny - from Building,Property,2021/10/15 04:41:00+00,riverside ave,0,1,0,0,UniversityHillSection,44.48663644,-73.1915235,East,3
308607,17415,Vandalism,Property,2021/10/15 19:26:14+00,Shore Rd,0,0,0,0,NewNorthEnd,44.50771237,-73.25275345,North,3
308632,17440,DUI,Motor Vehicle,2021/10/16 00:21:21+00,Main St/Battery St,0,0,0,1,Downtown,44.47569852,-73.21869408,Central,1
308642,17450,DUI,Motor Vehicle,2021/10/16 04:20:43+00,Main St/university Hgts,0,1,0,0,UniversityHillSection,44.47475379,-73.1950298,East,1
308688,17496,Possession of Stolen Property,Property,2021/10/16 21:30:47+00,Bank St,0,0,0,0,Downtown,44.47796122,-73.21450202,Central,3
308692,17500,Crash - Property damage only,Motor Vehicle,2021/10/16 23:35:49+00,Route 127 / North Ave Exit,0,0,0,0,OldNorthEnd,44.48452556,-73.21933816,Central,3
308888,17696,Disorderly Conduct,Quality of Life,2021/10/19 15:54:00+00,S Winooski Ave,0,0,0,0,Downtown,44.47913429,-73.21133452,Central,2
308971,17780,Disorderly Conduct,Quality of Life,2021/10/20 19:47:47+00,Harrison Ave,0,0,0,0,SouthEnd,44.4587804,-73.21933171,South,2
308979,17788,Assault - Aggravated,Assault,2021/10/21 01:57:01+00,Colchester Ave/East Ave,0,0,0,1,UniversityHillSection,44.48223222,-73.192664,East,1
308990,17799,Trespass,Other,2021/10/21 07:31:49+00,Buell St,0,0,0,0,Downtown,44.47864481,-73.21041222,East,2
309023,17832,Assault - Simple,Assault,2021/10/21 14:51:10+00,Colchester Ave,1,0,0,0,UniversityHillSection,44.47964085,-73.19413444,East,1
309027,17836,Crash - LSA,Motor Vehicle,2021/10/21 16:07:41+00,Riverside Ave,0,0,0,0,UniversityHillSection,44.48846962,-73.20190455,East,2
309047,17856,Vandalism,Property,2021/10/22 00:19:14+00,N Champlain St,1,1,0,0,OldNorthEnd,44.4864066,-73.21764952,Central,3
309064,17873,Vandalism,Property,2021/10/22 10:26:01+00,Maple St/S Champlain St,0,0,0,0,SouthEnd,44.47355422,-73.21693814,South,3
309146,17955,Assault - Aggravated,Assault,2021/10/23 09:31:10+00,North Ave,1,0,0,0,OldNorthEnd,44.48439977,-73.2225762,Central,1
309370,18179,Violation of Conditions of Release,Court Order,2021/10/27 18:00:26+00,North St,0,0,0,0,OldNorthEnd,44.48455545,-73.21588096,Central,2
309374,18183,Stolen Vehicle,Property,2021/10/27 18:50:00+00,Riverside Ave,0,0,0,0,UniversityHillSection,44.48822665,-73.20121795,East,3
309378,18187,Assault - Simple,Assault,2021/10/27 19:44:40+00,Shelburne rd,0,0,0,0,SouthEnd,44.46063729,-73.20864183,South,1
309386,18195,Vandalism,Property,2021/10/28 05:26:17+00,North Ave,1,0,0,0,OldNorthEnd,44.48231076,-73.22108397,Central,3
309387,18196,Disturbance,Quality of Life,2021/10/28 07:13:13+00,Pine St,0,0,0,0,Downtown,44.47428715,-73.21565978,South,2
309442,18252,Disorderly Conduct,Quality of Life,2021/10/28 21:35:00+00,N Winooski Ave,1,0,0,1,OldNorthEnd,44.48072866,-73.21120417,Central,2
309520,18330,Crash - Property damage only,Motor Vehicle,2021/10/30 02:54:54+00,S Prospect St/main St,0,0,0,1,UniversityHillSection,44.476367,-73.20068063,South,3
309522,18332,Assault - Simple,Assault,2021/10/30 08:05:52+00,Shelburne St,1,0,0,0,SouthEnd,44.46062872,-73.20858291,South,1
309530,18340,Crash - Property damage only,Motor Vehicle,2021/10/30 11:27:16+00,Northgate Rd,0,0,0,0,NewNorthEnd,44.51850302,-73.26390431,North,3
309563,18373,DUI,Motor Vehicle,2021/10/30 22:58:36+00,Riverside Ave,0,0,0,0,OldNorthEnd,44.48914316,-73.20787531,Central,1
309612,18422,Assault - Aggravated,Assault,2021/11/01 02:20:00+00,Allen St/Murray St,1,1,0,1,OldNorthEnd,44.48359267,-73.21595131,Central,1
309618,18428,Impeding a Public Officer,Impeding Police,2021/10/31 18:15:00+00,Park St / Monroe St,0,0,0,0,OldNorthEnd,44.48130603,-73.2191088,Central,2
309641,18451,Assault - Simple,Assault,2021/11/01 15:01:10+00,Cherry St,0,0,0,0,Downtown,44.47975695,-73.21407167,Central,1
309642,18452,Assault - Aggravated,Assault,2021/11/01 15:22:01+00,Riverside Ave,0,0,0,0,OldNorthEnd,44.48989613,-73.20613702,Central,1
309731,18542,Trespass,Other,2021/11/03 05:53:07+00,Church St,0,0,0,0,Downtown,44.47491107,-73.21264917,Central,2
309740,18551,Stolen Vehicle,Property,2021/11/03 08:21:42+00,Pine St,0,0,0,0,SouthEnd,44.4610324,-73.21504941,South,3
309787,18598,Assault - Aggravated,Assault,2021/11/03 19:15:28+00,Battery Park,0,0,0,1,OldNorthEnd,44.48105833,-73.21995714,Central,1
309838,18650,Disorderly Conduct by Electronic Communication,Quality of Life,2021/11/04 16:29:15+00,King St,0,0,0,0,Downtown,44.47490923,-73.21469084,Central,3
309873,18685,Fraud,Financial Crime,2021/11/05 10:50:40+00,N Willard St,0,0,0,0,UniversityHillSection,44.48592078,-73.20612334,Central,3
309916,18728,Retail Theft,Property,2021/11/05 16:14:38+00,College St,0,0,0,0,Downtown,44.47730893,-73.21129854,Central,3
309969,18781,Burglary,Property,2021/11/06 17:27:21+00,Cedar St,1,0,0,1,OldNorthEnd,44.48595209,-73.21512705,Central,2
310049,18861,Stolen Vehicle,Property,2021/11/08 14:11:36+00,S Winooski Ave/College St,0,0,0,0,Downtown,44.47717079,-73.21106573,East,3
310235,19047,Retail Theft,Property,2021/11/11 14:14:10+00,Cherry St,0,0,0,0,Downtown,44.4788962,-73.21399427,Central,3
310258,19070,Assault - Simple,Assault,2021/11/11 18:35:00+00,College St,0,0,0,0,Downtown,44.47749155,-73.20976072,East,1
310277,19089,Burglary,Property,2021/11/12 03:22:31+00,King St,0,1,0,0,Downtown,44.47483178,-73.21583581,Central,2
310347,19159,Assault - Simple,Assault,2021/11/13 02:25:57+00,Bank St,0,0,0,1,Downtown,44.47804292,-73.21177118,Central,1
310388,19201,DUI,Motor Vehicle,2021/11/13 18:09:13+00,Queen City Park Rd/Bridge,0,0,0,1,SouthEnd,44.44626569,-73.21512077,South,1
310408,19221,DUI,Motor Vehicle,2021/11/14 02:07:19+00,Main St/ S Prospect St,0,0,0,1,UniversityHillSection,44.47634995,-73.20070268,South,1
310444,19257,DUI,Motor Vehicle,2021/11/14 22:52:25+00,S Willard St/Bradley St,0,0,0,1,UniversityHillSection,44.47848254,-73.20558744,East,1
310488,19301,Mental Health Issue,Public Service,2021/11/15 19:45:54+00,King St,1,0,0,0,Downtown,44.47505779,-73.20979981,South,2
310493,19306,DUI,Motor Vehicle,2021/11/15 22:22:53+00,North Ave/Washington St,0,0,0,1,OldNorthEnd,44.48789711,-73.22508817,Central,1
310517,19330,Fraud,Financial Crime,2021/11/16 14:17:09+00,Pine St,0,0,0,0,Downtown,44.47787674,-73.21624264,Central,3
310565,19378,Trespass,Other,2021/11/17 11:36:29+00,Church St,0,0,0,0,Downtown,44.47911505,-73.2132481,Central,2
310650,19464,Threats/Harassment,Other,2021/11/19 08:36:58+00,Hillside Ter,0,0,0,0,UniversityHillSection,44.4868771,-73.19833119,East,2
310675,19489,Arson,Property,2021/11/19 17:42:00+00,Cedar St,1,0,0,1,OldNorthEnd,44.48596909,-73.21511283,Central,1
310695,19509,Disorderly Conduct,Quality of Life,2021/11/20 02:05:00+00,College St,0,0,0,1,UniversityHillSection,44.47721071,-73.20617465,East,2
310730,19544,Vandalism,Property,2021/11/20 20:51:26+00,Clarke St,0,0,0,1,OldNorthEnd,44.48087456,-73.21205652,Central,3
310733,19547,Vandalism,Property,2021/11/20 22:45:12+00,North Ave,0,0,0,0,NewNorthEnd,44.50548709,-73.2418096,North,3
310746,19560,Burglary,Property,2021/11/21 14:22:02+00,Clarke St,0,0,0,1,OldNorthEnd,44.48087558,-73.21205249,Central,2
310758,19572,Assault - Simple,Assault,2021/11/21 20:25:04+00,Bank St,0,0,0,1,Downtown,44.47804732,-73.21179664,Central,1
310780,19594,Assault - Simple,Assault,2021/11/22 11:36:28+00,Northgate Rd,0,0,0,0,NewNorthEnd,44.51841949,-73.26411682,North,1
310782,19596,Identity Theft,Financial Crime,2021/11/22 11:44:33+00,East Ave,0,0,0,0,UniversityHillSection,44.47649949,-73.1914743,East,3
310806,19620,Assist - Public,Public Service,2021/11/22 18:43:30+00,Cherry St,0,0,0,0,Downtown,44.47956599,-73.2116907,Central,3
310816,19630,Burglary,Property,2021/11/23 04:11:00+00,Pine St,0,0,0,0,Downtown,44.4778751,-73.21622109,Central,2
310839,19653,Disturbance,Quality of Life,2021/11/23 12:10:39+00,Shelburne St,1,0,0,0,SouthEnd,44.46063104,-73.20857894,South,2
310856,19670,Fraud,Financial Crime,2021/11/23 15:31:33+00,N Champlain St,0,0,0,0,OldNorthEnd,44.48249843,-73.2178515,Central,3
310869,19683,Burglary,Property,2021/11/23 22:39:00+00,Rock Point Rd,0,0,0,1,NewNorthEnd,44.49543202,-73.24327304,North,2
310946,19760,Disturbance,Quality of Life,2021/11/25 20:48:00+00,Church St,0,1,0,1,Downtown,44.47527873,-73.21268914,Central,2
311005,19819,Disturbance,Quality of Life,2021/11/28 01:20:29+00,Main St,0,0,0,1,Downtown,44.47569827,-73.21285781,Central,2
311019,19833,Retail Theft,Property,2021/11/28 11:21:13+00,Church St,0,0,0,0,Downtown,44.47908628,-73.21321882,Central,3
311046,19860,Burglary,Property,2021/11/29 06:34:52+00,Main St,0,0,0,0,Downtown,44.47614277,-73.21186126,Central,2
311050,19864,Stolen Vehicle,Property,2021/11/29 08:29:23+00,S Willard St,0,1,0,0,UniversityHillSection,44.47981605,-73.20528322,East,3