objectid,incident_number,call_type,call_time,race,gender,age,stop_type,stop_outcome,veh_state,count_tickets,count_warnings,search,search_type,contraband,viol_dui,arrest
1472,021268,Traffic,2021/12/25 18:12:00+00,Asian,Male - M,37,M = Moving violation,5,FL,0,1,0,NS = No search,0,0,none
40921,021230,Suspicious Event,2021/12/24 18:24:00+00,White,Male - M,36,I = Investigatory,4,NONE,1,0,0,NS = No search,0,0,none
3724,021228,Traffic,2021/12/24 17:58:00+00,White,Female - F,74,M = Moving violation,5,VT,0,1,0,NS = No search,0,0,none
32014,021113,Traffic,2021/12/21 22:16:00+00,White,Male - M,17,M = Moving violation,5,VT,0,1,0,NS = No search,0,0,none
27089,021074,Traffic,2021/12/21 09:25:00+00,White,Male - M,68,M = Moving violation,4,VT,2,0,0,NS = No search,0,0,none
10974,021004,Traffic,2021/12/19 18:14:00+00,White,Female - F,31,M = Moving violation,5,VT,0,1,0,NS = No search,0,0,none
2116,020954,Traffic,2021/12/18 14:29:00+00,Hispanic,Female - F,48,M = Moving violation,5,VT,0,1,0,NS = No search,0,0,none
28689,020903,Traffic,2021/12/17 17:44:00+00,White,Male - M,32,O = Other,5,VT,0,1,0,NS = No search,0,0,none
2168,020850,Traffic,2021/12/16 16:13:00+00,White,Female - F,31,M = Moving violation,5,VT,0,1,0,NS = No search,0,0,none
1258,020763,Traffic,2021/12/15 11:16:00+00,White,Male - M,30,M = Moving violation,5,NY,0,1,0,NS = No search,0,0,none
21956,020704,Traffic,2021/12/14 12:25:00+00,White,Male - M,57,M = Moving violation,5,VT,0,1,0,NS = No search,0,0,none
3514,020703,Traffic,2021/12/14 12:06:00+00,White,Male - M,31,V = Vehicle Equipment,4,VT,1,1,0,NS = No search,0,0,none
28734,020700,Traffic,2021/12/14 11:43:00+00,White,Female - F,33,M = Moving violation,5,VT,0,1,0,NS = No search,0,0,none
4381,020697,Traffic,2021/12/14 11:25:00+00,Black,Male - M,46,M = Moving violation,5,VT,0,1,0,NS = No search,0,0,none
7859,020693,Traffic,2021/12/14 09:38:00+00,White,Male - M,33,M = Moving violation,4,VT,1,0,0,NS = No search,0,0,none
4302,020690,Traffic,2021/12/14 09:05:00+00,White,Male - M,64,M = Moving violation,5,VT,0,1,0,NS = No search,0,0,none
700,020689,Traffic,2021/12/14 08:38:00+00,White,Female - F,66,M = Moving violation,5,VT,0,1,0,NS = No search,0,0,none
3957,020669,Traffic,2021/12/13 19:01:00+00,White,Male - M,49,M = Moving violation,5,VT,0,1,0,NS = No search,0,0,none
28942,020620,Traffic,2021/12/13 09:16:00+00,White,Male - M,77,V = Vehicle Equipment,5,VT,0,1,0,NS = No search,0,0,none
1074,020592,Traffic,2021/12/12 19:07:00+00,White,Female - F,27,M = Moving violation,5,TX,0,1,0,NS = No search,0,0,none
2468,020534,Traffic,2021/12/11 17:38:00+00,White,Male - M,25,M = Moving violation,5,VT,0,1,0,NS = No search,0,0,none
3420,020525,Traffic,2021/12/11 14:55:00+00,White,Male - M,25,M = Moving violation,5,VT,0,1,0,NS = No search,0,0,none
4837,020517,Traffic,2021/12/11 09:46:00+00,White,Female - F,50,M = Moving violation,5,VT,0,1,0,NS = No search,0,0,none
32994,020492,Traffic,2021/12/10 18:52:00+00,Asian,Female - F,20,V = Vehicle Equipment,5,MD,0,1,0,NS = No search,0,0,none
2709,020334,Traffic,2021/12/07 15:16:00+00,White,Male - M,41,M = Moving violation,5,VT,0,1,0,NS = No search,0,0,none
29554,020331,Traffic,2021/12/07 14:51:00+00,White,Male - M,21,M = Moving violation,5,CT,0,1,0,NS = No search,0,0,none
704,020328,Traffic,2021/12/07 14:27:00+00,White,Male - M,38,V = Vehicle Equipment,4,VT,1,1,0,NS = No search,0,0,none
32813,020326,Traffic,2021/12/07 13:58:00+00,White,Male - M,27,M = Moving violation,4,VT,1,1,0,NS = No search,0,0,none
34907,020324,Traffic,2021/12/07 13:37:00+00,White,Male - M,47,M = Moving violation,4,VT,1,0,0,NS = No search,0,0,none
2862,020321,Traffic,2021/12/07 12:54:00+00,White,Male - M,23,M = Moving violation,5,VT,0,1,0,NS = No search,0,0,none
29577,020318,Traffic,2021/12/07 12:26:00+00,Black,Male - M,25,M = Moving violation,5,CT,0,1,0,NS = No search,0,0,none
25517,020315,Traffic,2021/12/07 12:06:00+00,Asian,Female - F,69,M = Moving violation,5,VT,0,1,0,NS = No search,0,0,none
2554,020246,Traffic,2021/12/06 07:07:00+00,White,Male - M,58,M = Moving violation,5,VT,0,1,0,NS = No search,0,0,none
40919,020241,Traffic,2021/12/06 00:34:00+00,White,Male - M,49,M = Moving violation,5,VT,0,1,0,NS = No search,0,0,none
4533,020036,Traffic,2021/12/02 10:13:00+00,White,Female - F,68,M = Moving violation,5,VT,0,1,0,NS = No search,0,0,none
32281,020016,Traffic,2021/12/01 23:50:00+00,White,Male - M,24,V = Vehicle Equipment,5,VT,0,1,0,NS = No search,0,0,none
1534,020006,Traffic,2021/12/01 18:42:00+00,White,Male - M,22,M = Moving violation,5,NY,0,1,0,NS = No search,0,0,none
699,019923,Traffic,2021/11/30 10:39:00+00,White,Female - F,34,M = Moving violation,5,VT,0,1,0,NS = No search,0,0,none
2223,019922,Traffic,2021/11/30 10:29:00+00,Black,Female - F,28,M = Moving violation,5,VT,0,1,0,NS = No search,0,0,none
29595,019919,Traffic,2021/11/30 10:09:00+00,White,Female - F,22,M = Moving violation,5,IL,0,1,0,NS = No search,0,0,none
459,019917,Traffic,2021/11/30 09:51:00+00,White,Male - M,58,M = Moving violation,5,VT,0,1,0,NS = No search,0,0,none
1694,019915,Traffic,2021/11/30 09:09:00+00,White,Female - F,47,M = Moving violation,5,VT,0,1,0,NS = No search,0,0,none
1748,019779,Traffic,2021/11/26 20:13:00+00,White,Male - M,61,M = Moving violation,5,VT,0,1,0,NS = No search,0,0,none
28583,019356,Traffic,2021/11/16 18:58:00+00,Black,Male - M,30,M = Moving violation,A = Arrest for Violation,VT,0,1,1,SPC = Consent Search w/PC,0,0,arrest
2060,019256,Traffic,2021/11/14 20:23:00+00,White,Male - M,61,M = Moving violation,5,VT,0,1,0,NS = No search,0,0,none
34690,019158,Traffic,2021/11/13 00:51:00+00,White,Male - M,21,M = Moving violation,5,ME,0,1,0,NS = No search,0,0,none
2728,019049,Traffic,2021/11/11 14:30:00+00,White,Female - F,83,M = Moving violation,5,VT,0,1,0,NS = No search,0,0,none
4392,019028,Traffic,2021/11/11 06:11:00+00,White,Male - M,21,M = Moving violation,5,VT,0,1,0,NS = No search,0,0,none
2053,018985,Traffic,2021/11/10 12:15:00+00,White,Female - F,21,M = Moving violation,5,VT,0,1,0,NS = No search,0,0,none
1600,018967,Traffic,2021/11/10 11:04:00+00,White,Male - M,17,M = Moving violation,5,VT,0,1,0,NS = No search,0,0,none
32467,018963,Traffic,2021/11/10 09:55:00+00,White,Male - M,32,M = Moving violation,5,VT,0,1,0,NS = No search,0,0,none
514,018961,Traffic,2021/11/10 09:32:00+00,White,Female - F,20,M = Moving violation,5,NJ,0,1,0,NS = No search,0,0,none
32037,018957,Traffic,2021/11/10 08:17:00+00,White,Female - F,72,M = Moving violation,5,VT,0,1,0,NS = No search,0,0,none
25826,018956,Traffic,2021/11/10 07:51:00+00,White,Male - M,70,M = Moving violation,5,VT,0,1,0,NS = No search,0,0,none
7274,018954,Traffic,2021/11/10 07:41:00+00,White,Male - M,31,M = Moving violation,5,VT,0,1,0,NS = No search,0,0,none
1726,018794,Traffic,2021/11/07 01:57:00+00,Black,Male - M,34,V = Vehicle Equipment,5,VT,0,1,0,NS = No search,0,0,none
2707,018783,Traffic,2021/11/06 19:51:00+00,White,Male - M,27,M = Moving violation,4,VT,1,0,0,NS = No search,0,0,none
2396,018690,Traffic,2021/11/05 11:23:00+00,White,Female - F,33,M = Moving violation,4,VT,1,0,0,NS = No search,0,0,none
12813,018686,Traffic,2021/11/05 10:57:00+00,White,Female - F,41,M = Moving violation,4,VT,1,0,0,NS = No search,0,0,none
1835,018683,Traffic,2021/11/05 10:34:00+00,White,Male - M,27,M = Moving violation,5,NY,0,1,0,NS = No search,0,0,none
2566,018677,Traffic,2021/11/05 09:11:00+00,White,Male - M,61,M = Moving violation,5,VT,0,1,0,NS = No search,0,0,none
2786,018674,Traffic,2021/11/05 08:50:00+00,White,Female - F,27,M = Moving violation,5,VT,0,1,0,NS = No search,0,0,none
10884,018673,Traffic,2021/11/05 07:53:00+00,White,Female - F,33,M = Moving violation,5,NY,0,1,0,NS = No search,0,0,none
40917,018634,Traffic,2021/11/04 13:08:00+00,White,Male - M,23,I = Investigatory,3,NONE,0,0,0,NS = No search,0,0,none
2280,018567,Traffic,2021/11/03 11:28:00+00,White,Female - F,40,M = Moving violation,5,VT,0,1,0,NS = No search,0,0,none
2665,018556,Traffic,2021/11/03 09:43:00+00,White,Male - M,47,M = Moving violation,5,VT,0,1,0,NS = No search,0,0,none
4609,018552,Traffic,2021/11/03 08:52:00+00,White,Male - M,72,M = Moving violation,5,VT,0,1,0,NS = No search,0,0,none
1679,018550,Traffic,2021/11/03 07:42:00+00,White,Female - F,64,M = Moving violation,5,VT,0,1,0,NS = No search,0,0,none
2596,018547,Traffic,2021/11/03 07:09:00+00,White,Male - M,63,V = Vehicle Equipment,5,VT,0,1,0,NS = No search,0,0,none
32472,018546,Traffic,2021/11/03 06:55:00+00,White,Female - F,21,M = Moving violation,4,CT,1,0,0,NS = No search,0,0,none
18446,018544,Traffic,2021/11/03 06:27:00+00,White,Male - M,58,M = Moving violation,5,VT,0,1,0,NS = No search,0,0,none
1815,018518,Traffic,2021/11/02 15:38:00+00,White,Male - M,30,M = Moving violation,5,NY,0,1,0,NS = No search,0,0,none
3496,018494,Traffic,2021/11/02 10:54:00+00,White,Male - M,36,M = Moving violation,4,VT,1,0,0,NS = No search,0,0,none
1595,018491,Traffic,2021/11/02 10:28:00+00,White,Male - M,45,M = Moving violation,5,NY,0,1,0,NS = No search,0,0,none
3777,018487,Traffic,2021/11/02 10:13:00+00,White,Male - M,36,M = Moving violation,5,VT,0,1,0,NS = No search,0,0,none
2045,018482,Traffic,2021/11/02 08:32:00+00,White,Male - M,44,M = Moving violation,5,VT,0,1,0,NS = No search,0,0,none
2603,018478,Traffic,2021/11/02 07:45:00+00,White,Male - M,40,M = Moving violation,5,VT,0,1,0,NS = No search,0,0,none
11485,018477,Traffic,2021/11/02 07:31:00+00,White,Female - F,21,M = Moving violation,5,VT,0,1,0,NS = No search,0,0,none
32424,018475,Traffic,2021/11/02 07:21:00+00,White,Male - M,53,M = Moving violation,5,VT,0,1,0,NS = No search,0,0,none
1705,018474,Traffic,2021/11/02 07:05:00+00,White,Female - F,27,M = Moving violation,4,VT,1,0,0,NS = No search,0,0,none
66,018473,Traffic,2021/11/02 06:54:00+00,White,Female - F,24,M = Moving violation,5,OR,0,1,0,NS = No search,0,0,none
2514,018472,Traffic,2021/11/02 06:38:00+00,White,Female - F,27,M = Moving violation,5,VT,0,1,0,NS = No search,0,0,none
5920,018374,Traffic,2021/10/30 23:15:00+00,Black,Male - M,44,M = Moving violation,4,VT,1,0,0,NS = No search,0,0,none
32648,018373,DUI,2021/10/30 22:58:00+00,Asian,Male - M,34,M = Moving violation,A = Arrest for Violation,VT,1,0,0,NS = No search,0,1,arrest
40916,018366,Traffic,2021/10/30 20:27:00+00,White,Unknown - U,,M = Moving violation,5,NONE,0,1,0,NS = No search,0,0,none
2069,018363,Traffic,2021/10/30 20:13:00+00,White,Male - M,56,M = Moving violation,5,VT,0,1,0,NS = No search,0,0,none
2051,018269,Traffic,2021/10/29 10:48:00+00,White,Male - M,66,M = Moving violation,5,VT,0,1,0,NS = No search,0,0,none
4043,018111,Traffic,2021/10/26 15:04:00+00,White,Female - F,26,M = Moving violation,5,VT,0,1,0,NS = No search,0,0,none
1685,018110,Traffic,2021/10/26 14:50:00+00,White,Female - F,19,M = Moving violation,5,VT,0,1,0,NS = No search,0,0,none
32131,018103,Traffic,2021/10/26 12:58:00+00,White,Male - M,35,M = Moving violation,5,VT,0,1,0,NS = No search,0,0,none
2814,018100,Traffic,2021/10/26 11:31:00+00,White,Female - F,40,M = Moving violation,5,VT,0,1,0,NS = No search,0,0,none
1704,018097,Traffic,2021/10/26 10:51:00+00,White,Female - F,39,V = Vehicle Equipment,5,VT,0,1,0,NS = No search,0,0,none
3660,018092,Traffic,2021/10/26 09:39:00+00,White,Female - F,19,M = Moving violation,5,VT,0,1,0,NS = No search,0,0,none
32307,018088,Traffic,2021/10/26 08:50:00+00,White,Female - F,24,M = Moving violation,5,VT,0,1,0,NS = No search,0,0,none
40915,018076,Traffic,2021/10/25 21:41:00+00,White,Male - M,30,M = Moving violation,5,VT,0,1,0,NS = No search,0,0,none
1687,018018,Traffic,2021/10/25 08:07:00+00,White,Female - F,23,M = Moving violation,5,VT,0,1,0,NS = No search,0,0,none
32395,017938,Traffic,2021/10/23 01:21:00+00,White,Male - M,26,M = Moving violation,5,PA,0,1,0,NS = No search,0,0,none
40914,017789,Traffic,2021/10/21 02:10:00+00,White,Unknown - U,Unknown,I = Investigatory,3,NONE,0,0,0,NS = No search,0,0,none
40913,017697,Traffic,2021/10/19 16:15:00+00,Black,Male - M,19,M = Moving violation,3,NONE,0,0,1,SPC = Consent Search w/PC,0,0,none
26362,017695,Traffic,2021/10/19 15:30:00+00,White,Female - F,51,O = Other,5,VT,0,1,0,NS = No search,0,0,none
1678,017687,Traffic,2021/10/19 13:12:00+00,White,Male - M,31,M = Moving violation,5,VT,0,1,0,NS = No search,0,0,none
22991,017682,Traffic,2021/10/19 12:11:00+00,White,Female - F,41,O = Other,5,VT,0,1,0,NS = No search,0,0,none
2303,017681,Traffic,2021/10/19 12:03:00+00,White,Male - M,34,V = Vehicle Equipment,5,VT,0,1,0,NS = No search,0,0,none
30972,017662,Traffic,2021/10/19 00:50:00+00,White,Male - M,21,M = Moving violation,5,MA,0,1,0,NS = No search,0,0,none
22218,017644,Traffic,2021/10/18 17:00:00+00,White,Female - F,44,M = Moving violation,5,VT,0,1,0,NS = No search,0,0,none
32329,017603,Traffic,2021/10/18 12:05:00+00,White,Male - M,27,M = Moving violation,4,VT,1,0,0,NS = No search,0,0,none
2443,017567,Traffic,2021/10/17 23:12:00+00,White,Male - M,37,M = Moving violation,5,VT,0,1,0,NS = No search,0,0,none
8353,017440,DUI,2021/10/16 00:21:00+00,Asian,Male - M,26,M = Moving violation,A = Arrest for Violation,VT,1,1,0,NS = No search,0,1,arrest
3255,017340,Traffic,2021/10/14 20:46:00+00,Black,Male - M,30,M = Moving violation,5,VT,0,1,0,NS = No search,0,0,none
2306,017181,Traffic,2021/10/12 13:06:00+00,White,Male - M,80,M = Moving violation,5,VT,0,1,0,NS = No search,0,0,none
30119,017178,Traffic,2021/10/12 12:52:00+00,White,Male - M,21,M = Moving violation,5,VT,0,1,0,NS = No search,0,0,none
582,017176,Traffic,2021/10/12 12:42:00+00,White,Male - M,89,M = Moving violation,5,VT,0,1,0,NS = No search,0,0,none
3663,017165,Traffic,2021/10/12 10:52:00+00,White,Male - M,57,M = Moving violation,5,VT,0,1,0,NS = No search,0,0,none
20966,017160,Traffic,2021/10/12 10:19:00+00,White,Female - F,64,M = Moving violation,5,VT,0,1,0,NS = No search,0,0,none
16909,017157,Traffic,2021/10/12 10:05:00+00,White,Male - M,77,M = Moving violation,5,VT,0,1,0,NS = No search,0,0,none
1210,016932,Traffic,2021/10/08 20:06:00+00,White,Male - M,33,M = Moving violation,5,VT,0,1,0,NS = No search,0,0,none
6006,016857,Traffic,2021/10/07 17:50:00+00,White,Female - F,23,M = Moving violation,5,VT,0,1,0,NS = No search,0,0,none
30676,016720,Traffic,2021/10/05 19:26:00+00,White,Male - M,65,M = Moving violation,5,MD,0,1,0,NS = No search,0,0,none
678,016581,Traffic,2021/10/03 17:59:00+00,White,Female - F,30,M = Moving violation,5,VT,0,1,0,NS = No search,0,0,none
2156,016541,Traffic,2021/10/02 21:00:00+00,White,Male - M,36,M = Moving violation,5,VT,0,1,0,NS = No search,0,0,none
4614,016436,Traffic,2021/10/01 10:16:00+00,White,Female - F,33,M = Moving violation,5,VT,0,1,0,NS = No search,0,0,none
1708,016407,Traffic,2021/09/30 20:50:00+00,White,Female - F,27,M = Moving violation,4,VT,1,0,0,NS = No search,0,0,none
30104,016285,Traffic,2021/09/29 11:43:00+00,White,Male - M,59,M = Moving violation,5,MA,0,1,0,NS = No search,0,0,none
32121,016282,Traffic,2021/09/29 11:26:00+00,White,Male - M,56,M = Moving violation,5,VT,0,1,0,NS = No search,0,0,none
12163,016272,Traffic,2021/09/29 10:11:00+00,White,Female - F,55,M = Moving violation,5,VT,0,1,0,NS = No search,0,0,none
26753,016265,Traffic,2021/09/29 09:41:00+00,White,Male - M,47,M = Moving violation,5,VT,0,1,0,NS = No search,0,0,none
40912,016202,Assist - Motorist,2021/09/28 08:26:00+00,White,Male - M,57,E = Externally Generated,5,NONE,0,1,0,NS = No search,0,0,none
31857,016072,Traffic,2021/09/26 01:29:00+00,White,Male - M,19,M = Moving violation,5,NJ,0,1,0,NS = No search,0,0,none
1609,016035,Traffic,2021/09/25 13:31:00+00,White,Female - F,18,V = Vehicle Equipment,5,VT,0,1,0,NS = No search,0,0,none
22713,015905,DLS,2021/09/23 13:21:00+00,White,Female - F,33,M = Moving violation,A = Arrest for Violation,VT,0,1,0,NS = No search,0,0,arrest
414,015800,Traffic,2021/09/22 12:44:00+00,White,Male - M,30,V = Vehicle Equipment,5,VT,0,1,0,NS = No search,0,0,none
30244,015746,Traffic,2021/09/21 18:17:00+00,White,Male - M,19,M = Moving violation,5,VT,0,1,0,NS = No search,0,0,none
23617,015653,Traffic,2021/09/20 11:28:00+00,White,Male - M,61,M = Moving violation,5,VT,0,1,0,NS = No search,0,0,none
40911,015652,DLS,2021/09/20 11:16:00+00,Black,Male - M,20,M = Moving violation,A = Arrest for Violation,NONE,0,0,1,SRS = Search Reasonable Suspicion,0,0,arrest
2067,015640,Traffic,2021/09/20 01:58:00+00,White,Male - M,32,M = Moving violation,4,VT,1,0,0,NS = No search,0,0,none
2586,014870,Traffic,2021/09/10 14:00:00+00,White,Male - M,21,O = Other,5,VT,0,1,0,NS = No search,0,0,none
1710,014851,Traffic,2021/09/10 10:18:00+00,White,Male - M,37,O = Other,5,VT,0,1,0,NS = No search,0,0,none
30995,014800,Traffic,2021/09/09 15:29:00+00,White,Male - M,81,M = Moving violation,5,VT,0,1,0,NS = No search,0,0,none
2382,014438,Traffic,2021/09/04 22:48:00+00,White,Male - M,20,M = Moving violation,5,VT,0,1,0,NS = No search,0,0,none
40909,014373,Traffic,2021/09/04 00:12:00+00,Black,Male - M,27,M = Moving violation,5,VT,0,1,0,NS = No search,0,0,none
1700,014103,Traffic,2021/08/31 14:27:00+00,White,Female - F,20,V = Vehicle Equipment,5,VT,0,1,0,NS = No search,0,0,none
20317,014036,Traffic,2021/08/30 20:52:00+00,White,Male - M,31,M = Moving violation,5,NC,0,1,0,NS = No search,0,0,none
2368,013868,Traffic,2021/08/28 10:21:00+00,White,Female - F,24,M = Moving violation,5,VT,0,1,0,NS = No search,0,0,none
2372,013829,Traffic,2021/08/27 18:44:00+00,White,Female - F,26,M = Moving violation,4,VT,1,0,0,NS = No search,0,0,none
16912,013423,Traffic,2021/08/21 21:34:00+00,White,Female - F,54,O = Other,5,VT,0,1,0,NS = No search,0,0,none
2973,013333,Traffic,2021/08/20 10:16:00+00,White,Female - F,45,M = Moving violation,5,VT,0,1,0,NS = No search,0,0,none
33619,013232,Traffic,2021/08/18 23:59:00+00,Asian,Male - M,33,M = Moving violation,5,MA,0,1,0,NS = No search,0,0,none
7086,013009,Traffic,2021/08/15 13:55:00+00,White,Male - M,51,M = Moving violation,5,VT,0,1,0,NS = No search,0,0,none
1188,012949,Traffic,2021/08/14 16:15:00+00,White,Male - M,26,M = Moving violation,4,VT,2,0,0,NS = No search,0,0,none
4115,012937,Traffic,2021/08/14 10:48:00+00,White,Male - M,79,M = Moving violation,5,VT,0,1,0,NS = No search,0,0,none
1675,012810,Traffic,2021/08/12 17:54:00+00,White,Female - F,29,M = Moving violation,4,VT,1,0,0,NS = No search,0,0,none
2781,012699,Traffic,2021/08/11 10:01:00+00,White,Female - F,67,M = Moving violation,5,VT,0,1,0,NS = No search,0,0,none
410,012595,Traffic,2021/08/09 21:02:00+00,White,Male - M,32,V = Vehicle Equipment,5,VT,0,1,0,NS = No search,0,0,none
25527,012593,Traffic,2021/08/09 19:40:00+00,White,Male - M,47,V = Vehicle Equipment,5,VT,0,1,0,NS = No search,0,0,none
3274,012591,Traffic,2021/08/09 19:27:00+00,White,Female - F,53,V = Vehicle Equipment,5,VT,0,1,0,NS = No search,0,0,none
33241,012590,Traffic,2021/08/09 19:14:00+00,White,Male - M,57,V = Vehicle Equipment,5,VT,0,1,0,NS = No search,0,0,none
409,012584,Traffic,2021/08/09 18:12:00+00,White,Male - M,22,V = Vehicle Equipment,5,VT,0,1,0,NS = No search,0,0,none
2506,012323,Traffic,2021/08/05 17:42:00+00,White,Male - M,29,M = Moving violation,4,VT,1,0,0,NS = No search,0,0,none
40905,012197,DUI,2021/08/03 21:22:00+00,White,Male - M,30,M = Moving violation,A = Arrest for Violation,NONE,0,0,0,NS = No search,0,1,arrest
9534,012196,Traffic,2021/08/03 21:21:00+00,White,Male - M,23,M = Moving violation,5,VT,0,2,0,NS = No search,0,0,none
952,012126,Traffic,2021/08/02 23:17:00+00,White,Male - M,27,M = Moving violation,5,VT,0,1,0,NS = No search,0,0,none
13783,012116,Traffic,2021/08/02 20:56:00+00,White,Male - M,18,M = Moving violation,5,VT,0,1,0,NS = No search,0,0,none
411,012112,Traffic,2021/08/02 20:28:00+00,White,Female - F,24,V = Vehicle Equipment,5,VT,0,1,0,NS = No search,0,0,none
3315,012107,Traffic,2021/08/02 19:16:00+00,White,Male - M,27,V = Vehicle Equipment,5,VT,0,1,0,NS = No search,0,0,none
40904,012106,Traffic,2021/08/02 18:51:00+00,White,Male - M,37,V = Vehicle Equipment,5,NONE,0,1,0,NS = No search,0,0,none
40903,012100,DLS,2021/08/02 18:07:00+00,White,Male - M,26,V = Vehicle Equipment,A = Arrest for Violation,NONE,1,0,0,NS = No search,0,0,arrest
40902,012065,Traffic,2021/08/02 10:15:00+00,Black,Male - M,57,M = Moving violation,5,NONE,0,1,0,NS = No search,0,0,none
2582,011895,Traffic,2021/07/30 23:29:00+00,Black,Male - M,16,M = Moving violation,4,VT,1,0,0,NS = No search,0,0,none
40901,011882,Traffic,2021/07/30 18:19:00+00,White,Female - F,46,E = Externally Generated,5,NONE,0,1,1,SPC = Consent Search w/PC,1,0,none
25388,011881,Traffic,2021/07/30 18:17:00+00,White,Male - M,52,M = Moving violation,4,VT,1,0,0,NS = No search,0,0,none
2256,011834,Traffic,2021/07/30 01:59:00+00,White,Male - M,24,M = Moving violation,5,FL,0,1,0,NS = No search,0,0,none
13453,011828,Traffic,2021/07/30 00:03:00+00,White,Female - F,76,M = Moving violation,5,VT,0,1,0,NS = No search,0,0,none
2821,011823,Traffic,2021/07/29 20:25:00+00,White,Female - F,22,M = Moving violation,5,VT,0,1,0,NS = No search,0,0,none
1713,011700,Traffic,2021/07/28 10:27:00+00,White,Male - M,23,M = Moving violation,5,VT,0,1,0,NS = No search,0,0,none
17124,011475,Traffic,2021/07/24 19:53:00+00,White,Male - M,39,V = Vehicle Equipment,4,VT,1,0,0,NS = No search,0,0,none
1737,011453,Traffic,2021/07/24 14:40:00+00,White,Female - F,20,M = Moving violation,5,VT,0,1,0,NS = No search,0,0,none
31869,011451,Traffic,2021/07/24 14:28:00+00,White,Male - M,63,M = Moving violation,5,FL,0,1,0,NS = No search,0,0,none
2066,011315,Traffic,2021/07/22 18:12:00+00,White,Male - M,26,M = Moving violation,5,VT,0,1,0,NS = No search,0,0,none
5875,011282,Traffic,2021/07/22 12:03:00+00,White,Male - M,35,M = Moving violation,4,VT,1,0,0,NS = No search,0,0,none
11486,011279,Traffic,2021/07/22 11:40:00+00,Black,Male - M,51,V = Vehicle Equipment,5,VT,0,1,0,NS = No search,0,0,none
2062,011278,Traffic,2021/07/22 11:10:00+00,White,Female - F,21,M = Moving violation,5,VT,0,1,0,NS = No search,0,0,none
400,011269,Traffic,2021/07/22 09:49:00+00,White,Female - F,33,V = Vehicle Equipment,5,VT,0,1,0,NS = No search,0,0,none
7128,011268,Traffic,2021/07/22 09:30:00+00,White,Male - M,47,M = Moving violation,5,VT,0,1,0,NS = No search,0,0,none
30219,011264,Traffic,2021/07/22 08:41:00+00,White,Male - M,35,V = Vehicle Equipment,5,VT,0,1,0,NS = No search,0,0,none
4222,011261,Traffic,2021/07/22 07:36:00+00,White,Male - M,20,M = Moving violation,5,VT,0,1,0,NS = No search,0,0,none
1127,011237,Traffic,2021/07/21 21:22:00+00,White,Male - M,26,M = Moving violation,4,VT,1,0,0,NS = No search,0,0,none
32216,011075,Traffic,2021/07/19 09:29:00+00,Black,Male - M,55,M = Moving violation,5,OK,0,1,0,NS = No search,0,0,none
40900,011066,Traffic,2021/07/19 00:30:00+00,White,Male - M,37,M = Moving violation,5,NONE,0,1,0,NS = No search,0,0,none
28742,010993,Traffic,2021/07/17 16:21:00+00,White,Male - M,22,M = Moving violation,4,VT,1,0,0,NS = No search,0,0,none
1639,010992,Traffic,2021/07/17 15:56:00+00,White,Male - M,23,M = Moving violation,4,VT,1,0,0,NS = No search,0,0,none
33074,010981,Traffic,2021/07/17 08:58:00+00,White,Male - M,59,M = Moving violation,5,VT,0,1,0,NS = No search,0,0,none
40899,010975,Traffic,2021/07/17 02:47:00+00,White,Male - M,28,M = Moving violation,5,NONE,0,1,0,NS = No search,0,0,none
40898,010951,Traffic,2021/07/16 20:38:00+00,White,Male - M,19,M = Moving violation,3,NONE,0,0,0,NS = No search,0,0,none
13264,010948,Traffic,2021/07/16 19:37:00+00,White,Female - F,21,M = Moving violation,5,NJ,0,1,0,NS = No search,0,0,none
3962,010947,Traffic,2021/07/16 19:32:00+00,White,Male - M,27,M = Moving violation,5,VT,0,1,0,NS = No search,0,0,none
1699,010879,Traffic,2021/07/15 21:29:00+00,White,Female - F,19,M = Moving violation,5,VT,0,1,0,NS = No search,0,0,none
2151,010642,Traffic,2021/07/12 13:45:00+00,White,Male - M,40,M = Moving violation,5,VT,0,1,0,NS = No search,0,0,none
1859,010641,Traffic,2021/07/12 13:28:00+00,White,Male - M,23,M = Moving violation,5,PA,0,1,0,NS = No search,0,0,none
29872,010636,Traffic,2021/07/12 12:30:00+00,White,Female - F,21,M = Moving violation,5,CT,0,1,0,NS = No search,0,0,none
10644,010629,Traffic,2021/07/12 11:53:00+00,White,Female - F,69,M = Moving violation,4,VT,1,0,0,NS = No search,0,0,none
5622,010627,Traffic,2021/07/12 11:39:00+00,Black,Female - F,22,M = Moving violation,4,VT,1,0,0,NS = No search,0,0,none
1616,010620,Traffic,2021/07/12 11:24:00+00,White,Male - M,24,M = Moving violation,4,NY,1,0,0,NS = No search,0,0,none
5075,010613,Traffic,2021/07/12 11:10:00+00,Asian,Female - F,37,M = Moving violation,5,VT,0,1,0,NS = No search,0,0,none
3268,010609,Traffic,2021/07/12 10:15:00+00,White,Female - F,83,M = Moving violation,5,VT,0,1,0,NS = No search,0,0,none
32373,010606,Traffic,2021/07/12 09:57:00+00,White,Male - M,40,M = Moving violation,5,VT,0,1,0,NS = No search,0,0,none
5575,010604,Traffic,2021/07/12 09:44:00+00,White,Male - M,24,M = Moving violation,5,VT,0,1,0,NS = No search,0,0,none
697,010599,Traffic,2021/07/12 09:05:00+00,White,Male - M,20,M = Moving violation,5,VT,0,1,0,NS = No search,0,0,none
1619,010598,Traffic,2021/07/12 08:55:00+00,White,Female - F,55,M = Moving violation,5,NY,0,1,0,NS = No search,0,0,none
947,010596,Traffic,2021/07/12 08:42:00+00,White,Female - F,21,M = Moving violation,5,RI,0,1,0,NS = No search,0,0,none
40896,010532,DLS,2021/07/10 23:14:00+00,Black,Male - M,41,M = Moving violation,A = Arrest for Violation,NONE,0,0,0,NS = No search,0,0,arrest
40895,010275,DLS,2021/07/07 11:54:00+00,White,Female - F,40,,A = Arrest for Violation,NONE,0,0,0,NS = No search,0,0,arrest
1709,010218,Traffic,2021/07/06 11:47:00+00,White,Male - M,50,M = Moving violation,5,VT,0,1,0,NS = No search,0,0,none
16581,010165,Traffic,2021/07/05 14:47:00+00,White,Male - M,73,M = Moving violation,5,VT,0,1,0,NS = No search,0,0,none
2085,009994,Traffic,2021/07/03 16:09:00+00,White,Female - F,21,M = Moving violation,4,VT,1,0,0,NS = No search,0,0,none
2146,009993,Traffic,2021/07/03 15:49:00+00,White,Male - M,41,M = Moving violation,4,VT,1,0,0,NS = No search,0,0,none
2520,009992,Traffic,2021/07/03 15:35:00+00,White,Male - M,33,M = Moving violation,4,VT,1,0,0,NS = No search,0,0,none
2671,009991,Traffic,2021/07/03 15:15:00+00,White,Female - F,21,M = Moving violation,5,VT,0,1,0,NS = No search,0,0,none
1741,009988,Traffic,2021/07/03 14:27:00+00,White,Male - M,27,M = Moving violation,4,VT,2,0,0,NS = No search,0,0,none
2158,009986,Traffic,2021/07/03 14:14:00+00,Black,Female - F,19,M = Moving violation,5,VT,0,2,0,NS = No search,0,0,none
2820,009984,Traffic,2021/07/03 13:09:00+00,Black,Male - M,23,M = Moving violation,5,VT,0,2,0,NS = No search,0,0,none
35032,009982,Traffic,2021/07/03 12:46:00+00,White,Male - M,23,M = Moving violation,4,MA,1,0,0,NS = No search,0,0,none
1474,009978,Traffic,2021/07/03 12:19:00+00,Black,Female - F,17,M = Moving violation,4,PA,1,0,0,NS = No search,0,0,none
4753,009977,Traffic,2021/07/03 12:05:00+00,Black,Male - M,48,M = Moving violation,5,VT,0,1,0,NS = No search,0,0,none
957,009975,Traffic,2021/07/03 11:30:00+00,White,Male - M,60,M = Moving violation,5,VA,0,1,0,NS = No search,0,0,none
2035,009932,Traffic,2021/07/02 20:45:00+00,White,Male - M,60,M = Moving violation,5,VT,0,1,0,NS = No search,0,0,none
34826,009930,Traffic,2021/07/02 18:54:00+00,White,Male - M,22,M = Moving violation,5,MA,0,1,0,NS = No search,0,0,none
3800,009783,Traffic,2021/06/30 15:44:00+00,White,Male - M,66,M = Moving violation,5,VT,0,1,0,NS = No search,0,0,none
2395,009773,Traffic,2021/06/30 12:22:00+00,White,Female - F,33,M = Moving violation,5,VT,0,1,0,NS = No search,0,0,none
28246,009768,Traffic,2021/06/30 11:41:00+00,White,Female - F,59,M = Moving violation,5,VT,0,1,0,NS = No search,0,0,none
29764,009766,Traffic,2021/06/30 11:16:00+00,White,Female - F,18,M = Moving violation,4,CT,1,0,0,NS = No search,0,0,none
24643,009762,Traffic,2021/06/30 10:46:00+00,White,Male - M,73,M = Moving violation,5,VT,0,1,0,NS = No search,0,0,none
29911,009761,Traffic,2021/06/30 10:33:00+00,White,Female - F,22,M = Moving violation,5,CT,0,1,0,NS = No search,0,0,none
2573,009609,Traffic,2021/06/28 07:23:00+00,White,Female - F,54,M = Moving violation,5,VT,0,1,0,NS = No search,0,0,none
2234,009540,Traffic,2021/06/27 02:26:00+00,White,Female - F,24,M = Moving violation,5,VT,0,1,0,NS = No search,0,0,none
31251,009497,Traffic,2021/06/26 09:34:00+00,White,Male - M,48,M = Moving violation,5,VT,0,1,0,NS = No search,0,0,none
6613,009416,Traffic,2021/06/25 05:14:00+00,White,Female - F,20,M = Moving violation,5,VT,0,1,0,NS = No search,0,0,none
34787,009245,Traffic,2021/06/22 12:48:00+00,White,Female - F,22,M = Moving violation,5,MA,0,1,0,NS = No search,0,0,none
40892,009206,Traffic,2021/06/21 23:01:00+00,White,Female - F,17,M = Moving violation,5,VT,0,1,0,NS = No search,0,0,none
33366,009205,Traffic,2021/06/21 22:51:00+00,White,Male - M,27,M = Moving violation,5,VT,0,1,0,NS = No search,0,0,none
2266,009177,Traffic,2021/06/21 15:02:00+00,White,Male - M,27,M = Moving violation,5,VT,0,1,0,NS = No search,0,0,none
761,009166,Traffic,2021/06/21 12:55:00+00,White,Male - M,42,M = Moving violation,5,VT,0,1,0,NS = No search,0,0,none
3618,008977,Traffic,2021/06/18 14:43:00+00,White,Female - F,55,M = Moving violation,4,VT,1,0,0,NS = No search,0,0,none
503,008841,Traffic,2021/06/15 22:41:00+00,White,Female - F,49,M = Moving violation,4,VT,1,0,0,NS = No search,0,0,none
3495,008830,Traffic,2021/06/15 18:54:00+00,White,Male - M,30,M = Moving violation,5,VT,0,1,0,NS = No search,0,0,none
27954,008776,Traffic,2021/06/15 08:31:00+00,White,Female - F,44,M = Moving violation,5,VT,0,1,0,NS = No search,0,0,none
1940,008687,Traffic,2021/06/13 21:29:00+00,Black,Female - F,23,E = Externally Generated,3,NC,0,0,0,NS = No search,0,0,none
40890,008674,Traffic,2021/06/13 16:06:00+00,White,Male - M,24,V = Vehicle Equipment,5,VT,0,1,0,NS = No search,0,0,none
2084,008616,Traffic,2021/06/12 19:46:00+00,Black,Male - M,22,M = Moving violation,5,VT,0,1,0,NS = No search,0,0,none
22277,008582,Traffic,2021/06/12 09:31:00+00,White,Male - M,65,M = Moving violation,5,VT,0,1,0,NS = No search,0,0,none
5710,008438,Traffic,2021/06/10 12:39:00+00,White,Male - M,18,M = Moving violation,5,VT,0,1,0,NS = No search,0,0,none
30363,008433,Traffic,2021/06/10 12:15:00+00,White,Female - F,66,M = Moving violation,5,CA,0,1,0,NS = No search,0,0,none
10399,008430,Traffic,2021/06/10 12:01:00+00,White,Female - F,54,M = Moving violation,5,VT,0,1,0,NS = No search,0,0,none
14152,008429,Traffic,2021/06/10 11:51:00+00,Asian,Male - M,50,M = Moving violation,5,VT,0,1,0,NS = No search,0,0,none
32320,008424,Traffic,2021/06/10 10:51:00+00,White,Female - F,19,M = Moving violation,5,VT,0,1,0,NS = No search,0,0,none
3410,008421,Traffic,2021/06/10 10:36:00+00,White,Male - M,24,M = Moving violation,5,VT,0,1,0,NS = No search,0,0,none
2175,008418,Traffic,2021/06/10 09:58:00+00,White,Female - F,17,M = Moving violation,5,VT,0,1,0,NS = No search,0,0,none
31112,008412,Traffic,2021/06/10 09:02:00+00,White,Male - M,25,M = Moving violation,5,VT,0,1,0,NS = No search,0,0,none
2184,008409,Traffic,2021/06/10 08:42:00+00,White,Male - M,61,M = Moving violation,5,VT,0,1,0,NS = No search,0,0,none
2501,008408,Traffic,2021/06/10 08:32:00+00,White,Female - F,59,M = Moving violation,5,VT,0,1,0,NS = No search,0,0,none
2113,008407,Traffic,2021/06/10 08:09:00+00,White,Male - M,32,M = Moving violation,5,VT,0,1,0,NS = No search,0,0,none
40888,008146,Traffic,2021/06/07 01:38:00+00,Black,Male - M,42,I = Investigatory,3,NONE,0,0,0,NS = No search,0,0,none
3483,008107,Traffic,2021/06/06 14:19:00+00,White,Female - F,35,M = Moving violation,5,VT,0,1,0,NS = No search,0,0,none
5267,007736,Traffic,2021/06/01 07:55:00+00,White,Female - F,59,M = Moving violation,5,VT,0,1,0,NS = No search,0,0,none
3714,007627,Traffic,2021/05/29 20:35:00+00,Black,Male - M,30,V = Vehicle Equipment,5,VT,0,1,0,NS = No search,0,0,none
27672,007419,Traffic,2021/05/26 16:56:00+00,White,Female - F,19,M = Moving violation,4,VT,1,0,0,NS = No search,0,0,none
1205,007416,Traffic,2021/05/26 15:13:00+00,White,Female - F,50,M = Moving violation,5,CA,0,1,0,NS = No search,0,0,none
2649,007412,Traffic,2021/05/26 14:23:00+00,White,Female - F,55,M = Moving violation,5,VT,0,1,0,NS = No search,0,0,none
32463,007360,Traffic,2021/05/25 14:54:00+00,White,Male - M,62,M = Moving violation,5,VT,0,1,0,NS = No search,0,0,none
3066,007351,Traffic,2021/05/25 11:45:00+00,White,Female - F,25,M = Moving violation,5,VT,0,1,0,NS = No search,0,0,none
20496,007337,Traffic,2021/05/25 08:06:00+00,White,Male - M,53,M = Moving violation,5,VT,0,1,0,NS = No search,0,0,none
1751,007318,Traffic,2021/05/24 21:18:00+00,Asian,Male - M,28,M = Moving violation,5,VT,0,1,0,NS = No search,0,0,none
40886,007189,Traffic,2021/05/22 20:29:00+00,White,Male - M,21,E = Externally Generated,3,NONE,0,0,0,NS = No search,0,0,none
2661,007185,Traffic,2021/05/22 19:08:00+00,White,Male - M,21,V = Vehicle Equipment,5,VT,0,1,0,NS = No search,0,0,none
2101,007150,Traffic,2021/05/22 09:58:00+00,White,Female - F,20,M = Moving violation,4,VT,1,0,0,NS = No search,0,0,none
2102,007131,Traffic,2021/05/22 00:39:00+00,White,Male - M,23,M = Moving violation,4,VT,1,1,0,NS = No search,0,0,none
3222,006930,Traffic,2021/05/19 20:47:00+00,Black,Male - M,39,M = Moving violation,5,VT,0,1,0,NS = No search,0,0,none
34026,006894,Traffic,2021/05/19 14:56:00+00,White,Male - M,73,M = Moving violation,5,VT,0,1,0,NS = No search,0,0,none
1743,006828,Traffic,2021/05/18 18:43:00+00,White,Male - M,66,M = Moving violation,5,VT,0,1,0,NS = No search,0,0,none
12681,006753,Traffic,2021/05/17 19:51:00+00,White,Male - M,34,M = Moving violation,5,VT,0,1,0,NS = No search,0,0,none
2984,006710,Traffic,2021/05/17 10:01:00+00,White,Male - M,68,M = Moving violation,5,VT,0,1,0,NS = No search,0,0,none
5466,006695,Traffic,2021/05/16 21:49:00+00,White,Female - F,17,M = Moving violation,5,VT,0,1,0,NS = No search,0,0,none
40885,006694,Traffic,2021/05/16 21:25:00+00,White,Male - M,39,V = Vehicle Equipment,A = Arrest for Violation,NONE,0,1,0,NS = No search,0,0,arrest
32949,006590,Traffic,2021/05/15 19:18:00+00,White,Male - M,29,M = Moving violation,5,MA,0,1,0,NS = No search,0,0,none
914,006458,Traffic,2021/05/13 14:39:00+00,Black,Male - M,26,M = Moving violation,4,GA,1,1,0,NS = No search,0,0,none
29878,006457,Traffic,2021/05/13 14:27:00+00,White,Female - F,20,V = Vehicle Equipment,5,CT,0,1,0,NS = No search,0,0,none
1066,006449,Traffic,2021/05/13 13:43:00+00,White,Male - M,46,M = Moving violation,5,VT,0,1,0,NS = No search,0,0,none
4367,006443,Traffic,2021/05/13 12:39:00+00,White,Female - F,46,M = Moving violation,4,VT,1,0,0,NS = No search,0,0,none
2136,006441,Traffic,2021/05/13 12:21:00+00,White,Male - M,60,M = Moving violation,5,VT,0,1,0,NS = No search,0,0,none
33969,006438,Traffic,2021/05/13 12:02:00+00,White,Female - F,20,M = Moving violation,5,MA,0,1,0,NS = No search,0,0,none
5528,006434,Traffic,2021/05/13 11:38:00+00,White,Female - F,77,M = Moving violation,5,VT,0,1,0,NS = No search,0,0,none
701,006433,Traffic,2021/05/13 11:28:00+00,White,Male - M,29,M = Moving violation,5,VT,0,1,0,NS = No search,0,0,none
3214,006432,Traffic,2021/05/13 11:16:00+00,Black,Male - M,40,M = Moving violation,5,VT,0,1,0,NS = No search,0,0,none
5051,006429,Traffic,2021/05/13 10:41:00+00,White,Female - F,25,M = Moving violation,5,VT,0,1,0,NS = No search,0,0,none
2353,006318,Traffic,2021/05/11 13:27:00+00,White,Male - M,25,M = Moving violation,4,VT,1,0,0,NS = No search,0,0,none
11166,006317,Traffic,2021/05/11 13:20:00+00,White,Male - M,49,M = Moving violation,4,VT,1,0,0,NS = No search,0,0,none
8993,006316,Traffic,2021/05/11 13:12:00+00,White,Female - F,55,M = Moving violation,5,VT,0,1,0,NS = No search,0,0,none
27203,006315,Traffic,2021/05/11 13:00:00+00,White,Male - M,64,M = Moving violation,5,FL,0,1,0,NS = No search,0,0,none
2186,006312,Traffic,2021/05/11 11:44:00+00,White,Female - F,47,M = Moving violation,5,VT,0,1,0,NS = No search,0,0,none
3625,006310,Traffic,2021/05/11 11:31:00+00,White,Female - F,83,M = Moving violation,5,VT,0,1,0,NS = No search,0,0,none
1398,006307,Traffic,2021/05/11 11:11:00+00,White,Male - M,36,M = Moving violation,4,FL,1,0,0,NS = No search,0,0,none
3023,006306,Traffic,2021/05/11 10:52:00+00,White,Female - F,18,M = Moving violation,4,VT,1,0,0,NS = No search,0,0,none
5255,006304,Traffic,2021/05/11 10:28:00+00,White,Female - F,28,M = Moving violation,5,VT,0,1,0,NS = No search,0,0,none
5964,006302,Traffic,2021/05/11 10:14:00+00,White,Male - M,21,M = Moving violation,4,VT,1,0,0,NS = No search,0,0,none
31344,006301,Traffic,2021/05/11 09:56:00+00,White,Male - M,22,M = Moving violation,4,ME,1,0,0,NS = No search,0,0,none
3242,006299,Traffic,2021/05/11 09:41:00+00,White,Female - F,39,M = Moving violation,4,VT,1,0,0,NS = No search,0,0,none
8510,006298,Traffic,2021/05/11 09:23:00+00,White,Male - M,64,M = Moving violation,5,VT,0,2,0,NS = No search,0,0,none
32907,006285,Traffic,2021/05/11 00:27:00+00,White,Male - M,24,M = Moving violation,4,VT,1,0,0,NS = No search,0,0,none
3845,006283,Traffic,2021/05/10 23:25:00+00,Black,Male - M,22,M = Moving violation,5,VT,0,1,0,NS = No search,0,0,none
6718,006278,Traffic,2021/05/10 21:30:00+00,Black,Male - M,69,V = Vehicle Equipment,5,VT,0,1,0,NS = No search,0,0,none
30110,006211,Traffic,2021/05/09 18:48:00+00,Asian,Male - M,54,M = Moving violation,4,VT,1,0,0,NS = No search,0,0,none
11134,006116,Traffic,2021/05/07 23:41:00+00,White,Female - F,43,M = Moving violation,5,VT,0,1,0,NS = No search,0,0,none
3595,006094,Traffic,2021/05/07 15:05:00+00,White,Male - M,36,M = Moving violation,5,VT,0,1,0,NS = No search,0,0,none
40884,006067,Traffic,2021/05/07 10:05:00+00,White,Female - F,27,V = Vehicle Equipment,5,VT,0,1,0,NS = No search,0,0,none
5783,006047,Traffic,2021/05/06 22:28:00+00,Black,Male - M,26,M = Moving violation,5,VT,0,1,0,NS = No search,0,0,none
1874,005989,Traffic,2021/05/05 17:01:00+00,White,Female - F,18,M = Moving violation,5,NY,0,1,0,NS = No search,0,0,none
3293,005971,Traffic,2021/05/05 13:25:00+00,White,Female - F,59,M = Moving violation,5,VT,0,1,0,NS = No search,0,0,none
1846,005960,Traffic,2021/05/05 10:33:00+00,White,Male - M,78,V = Vehicle Equipment,5,NY,0,1,0,NS = No search,0,0,none
32982,005949,Traffic,2021/05/05 00:13:00+00,White,Male - M,22,V = Vehicle Equipment,4,MA,2,0,0,NS = No search,0,0,none
1182,005939,Motor Vehicle Complaint,2021/05/04 19:47:00+00,Black,Male - M,37,E = Externally Generated,5,TX,0,1,0,NS = No search,0,0,none
32793,005875,Traffic,2021/05/03 14:51:00+00,White,Male - M,20,M = Moving violation,5,NH,0,1,0,NS = No search,0,0,none
7266,005867,Traffic,2021/05/03 12:07:00+00,White,Female - F,22,V = Vehicle Equipment,5,VT,0,1,0,NS = No search,0,0,none
1217,005845,Traffic,2021/05/02 21:27:00+00,White,Male - M,21,V = Vehicle Equipment,4,VT,1,0,0,NS = No search,0,0,none
2100,005837,Traffic,2021/05/02 16:29:00+00,White,Male - M,66,M = Moving violation,5,NY,0,1,0,NS = No search,0,0,none
30884,005801,Traffic,2021/05/02 00:01:00+00,White,Female - F,30,V = Vehicle Equipment,5,ME,0,1,0,NS = No search,0,0,none
19414,005790,DUI,2021/05/01 22:30:00+00,Asian,Male - M,35,E = Externally Generated,A = Arrest for Violation,VT,1,0,1,SRS = Search Reasonable Suspicion,0,0,arrest
40881,005779,Traffic,2021/05/01 16:52:00+00,White,Male - M,87,M = Moving violation,3,NONE,0,0,0,NS = No search,0,0,none
2369,005748,Traffic,2021/05/01 07:01:00+00,White,Female - F,34,I = Investigatory,3,VT,0,0,0,NS = No search,0,0,none
14037,005622,Traffic,2021/04/29 01:23:00+00,White,Male - M,85,V = Vehicle Equipment,5,VT,0,1,0,NS = No search,0,0,none
2224,005537,Traffic,2021/04/27 14:01:00+00,White,Male - M,27,M = Moving violation,5,VT,0,1,0,NS = No search,0,0,none
12857,005440,Traffic,2021/04/25 20:46:00+00,White,Male - M,38,V = Vehicle Equipment,5,VT,0,1,0,NS = No search,0,0,none
29884,005412,Traffic,2021/04/25 00:43:00+00,White,Male - M,20,I = Investigatory,5,WA,0,1,0,NS = No search,0,0,none
2248,005404,Traffic,2021/04/24 22:29:00+00,White,Female - F,25,M = Moving violation,5,VT,0,1,0,NS = No search,0,0,none
30431,005339,Traffic,2021/04/23 19:07:00+00,White,Female - F,21,M = Moving violation,5,MA,0,1,0,NS = No search,0,0,none
32792,005317,Traffic,2021/04/23 11:37:00+00,White,Male - M,67,M = Moving violation,5,VT,0,1,0,NS = No search,0,0,none
30542,005316,Traffic,2021/04/23 11:23:00+00,White,Female - F,51,M = Moving violation,5,MA,0,1,0,NS = No search,0,0,none
1088,005314,Traffic,2021/04/23 11:01:00+00,White,Female - F,68,M = Moving violation,5,VT,0,1,0,NS = No search,0,0,none
2052,005311,Traffic,2021/04/23 10:45:00+00,White,Male - M,22,O = Other,4,VT,1,0,0,NS = No search,0,0,none
4038,005304,Traffic,2021/04/23 09:08:00+00,Asian,Female - F,46,M = Moving violation,5,VT,0,1,0,NS = No search,0,0,none
6037,005302,Traffic,2021/04/23 08:55:00+00,White,Female - F,30,M = Moving violation,5,VT,0,1,0,NS = No search,0,0,none
3929,005300,Traffic,2021/04/23 08:36:00+00,White,Male - M,24,M = Moving violation,4,VT,1,1,0,NS = No search,0,0,none
2550,005296,Traffic,2021/04/23 08:16:00+00,White,Male - M,37,M = Moving violation,5,VT,0,1,0,NS = No search,0,0,none
1934,005295,Traffic,2021/04/23 08:04:00+00,White,Female - F,49,M = Moving violation,5,NY,0,1,0,NS = No search,0,0,none
33735,005294,Traffic,2021/04/23 07:48:00+00,White,Female - F,22,M = Moving violation,4,MA,1,0,0,NS = No search,0,0,none
3059,005242,Traffic,2021/04/22 04:32:00+00,White,Female - F,38,M = Moving violation,5,VT,0,1,0,NS = No search,0,0,none
14530,005241,Traffic,2021/04/22 02:41:00+00,Asian,Male - M,19,V = Vehicle Equipment,5,VT,0,1,0,NS = No search,0,0,none
35255,005218,DLS,2021/04/21 13:28:00+00,White,Male - M,54,M = Moving violation,A = Arrest for Violation,VT,1,0,0,NS = No search,0,0,arrest
417,005056,Traffic,2021/04/17 20:10:00+00,White,Male - M,32,M = Moving violation,5,VT,0,1,0,NS = No search,0,0,none
2241,005046,Traffic,2021/04/17 15:31:00+00,White,Male - M,18,M = Moving violation,5,VT,0,1,0,NS = No search,0,0,none
2064,005040,Traffic,2021/04/17 14:31:00+00,Asian,Male - M,25,M = Moving violation,5,VT,0,1,0,NS = No search,0,0,none
2493,005039,Traffic,2021/04/17 14:04:00+00,White,Male - M,28,M = Moving violation,4,VT,1,0,0,NS = No search,0,0,none
3548,005035,Traffic,2021/04/17 12:38:00+00,Asian,Female - F,52,M = Moving violation,5,VT,0,1,0,NS = No search,0,0,none
3132,005034,Traffic,2021/04/17 12:26:00+00,White,Female - F,31,M = Moving violation,5,VT,0,1,0,NS = No search,0,0,none
1999,005033,Traffic,2021/04/17 12:02:00+00,White,Male - M,54,M = Moving violation,5,MA,0,1,0,NS = No search,0,0,none
6105,005031,Traffic,2021/04/17 11:29:00+00,White,Female - F,58,M = Moving violation,5,VT,0,1,0,NS = No search,0,0,none
33970,005028,Traffic,2021/04/17 11:08:00+00,White,Female - F,20,M = Moving violation,4,MA,1,0,0,NS = No search,0,0,none
5673,005027,Traffic,2021/04/17 10:55:00+00,White,Male - M,70,M = Moving violation,4,VT,1,0,0,NS = No search,0,0,none
2339,005026,Traffic,2021/04/17 10:39:00+00,Black,Male - M,28,M = Moving violation,4,VT,1,0,0,NS = No search,0,0,none
702,005023,DLS,2021/04/17 10:07:00+00,Black,Male - M,20,M = Moving violation,A = Arrest for Violation,VT,1,0,0,NS = No search,0,0,arrest
10984,005022,Traffic,2021/04/17 09:52:00+00,White,Male - M,35,M = Moving violation,4,VT,1,0,0,NS = No search,0,0,none
2249,005021,Traffic,2021/04/17 09:12:00+00,White,Female - F,31,M = Moving violation,4,VT,1,0,0,NS = No search,0,0,none
2135,005020,Traffic,2021/04/17 08:53:00+00,White,Male - M,44,M = Moving violation,4,VT,1,1,0,NS = No search,0,0,none
32283,005016,Traffic,2021/04/17 08:38:00+00,White,Male - M,26,M = Moving violation,5,VT,0,1,0,NS = No search,0,0,none
2111,005015,Traffic,2021/04/17 08:22:00+00,White,Male - M,29,M = Moving violation,4,VT,1,0,0,NS = No search,0,0,none
2364,005014,Traffic,2021/04/17 08:20:00+00,White,Female - F,26,M = Moving violation,4,VT,1,0,0,NS = No search,0,0,none
2981,005013,Traffic,2021/04/17 08:06:00+00,White,Female - F,60,M = Moving violation,4,VT,1,0,0,NS = No search,0,0,none
3234,005011,Traffic,2021/04/17 07:54:00+00,White,Male - M,41,M = Moving violation,4,VT,1,0,0,NS = No search,0,0,none
1624,004996,Traffic,2021/04/16 21:10:00+00,White,Female - F,26,V = Vehicle Equipment,5,NY,0,1,0,NS = No search,0,0,none
3928,004873,Traffic,2021/04/14 15:57:00+00,White,Female - F,45,M = Moving violation,5,VT,0,1,0,NS = No search,0,0,none
8210,004780,Traffic,2021/04/13 08:08:00+00,White,Male - M,57,M = Moving violation,5,VT,0,1,0,NS = No search,0,0,none
9980,004743,Traffic,2021/04/12 14:17:00+00,White,Female - F,44,M = Moving violation,5,VT,0,1,0,NS = No search,0,0,none
1818,004737,Traffic,2021/04/12 12:06:00+00,White,Male - M,21,M = Moving violation,4,NY,1,0,0,NS = No search,0,0,none
6236,004734,Traffic,2021/04/12 11:50:00+00,White,Female - F,46,M = Moving violation,4,VT,1,0,0,NS = No search,0,0,none
4219,004728,Traffic,2021/04/12 10:47:00+00,White,Male - M,23,M = Moving violation,5,VT,0,1,0,NS = No search,0,0,none
2018,004727,Traffic,2021/04/12 10:31:00+00,White,Female - F,26,M = Moving violation,4,NY,1,0,0,NS = No search,0,0,none
2515,004718,Traffic,2021/04/12 08:47:00+00,White,Male - M,50,M = Moving violation,4,VT,1,0,0,NS = No search,0,0,none
30672,004716,Traffic,2021/04/12 08:28:00+00,White,Female - F,56,M = Moving violation,4,MA,1,0,0,NS = No search,0,0,none
11012,004715,Traffic,2021/04/12 08:18:00+00,White,Male - M,48,M = Moving violation,4,VT,1,0,0,NS = No search,0,0,none
2284,004712,Traffic,2021/04/12 08:07:00+00,White,Female - F,22,M = Moving violation,5,VT,0,1,0,NS = No search,0,0,none
27131,004710,Traffic,2021/04/12 07:52:00+00,Black,Female - F,52,M = Moving violation,4,VT,1,0,0,NS = No search,0,0,none
2673,004709,Traffic,2021/04/12 07:34:00+00,White,Female - F,47,M = Moving violation,4,VT,1,0,0,NS = No search,0,0,none
2222,004685,Traffic,2021/04/11 14:52:00+00,Hispanic,Female - F,18,M = Moving violation,4,VT,1,0,0,NS = No search,0,0,none
29804,004679,Traffic,2021/04/11 13:53:00+00,White,Male - M,19,M = Moving violation,4,CT,1,0,0,NS = No search,0,0,none
3068,004672,Traffic,2021/04/11 08:49:00+00,White,Male - M,54,M = Moving violation,4,VT,1,0,0,NS = No search,0,0,none
2617,004669,Traffic,2021/04/11 08:34:00+00,Black,Male - M,35,M = Moving violation,5,VT,0,1,0,NS = No search,0,0,none
30126,004662,Traffic,2021/04/11 01:21:00+00,White,Male - M,22,V = Vehicle Equipment,5,MD,0,2,0,NS = No search,0,0,none
23250,004658,Traffic,2021/04/10 23:57:00+00,Black,Female - F,22,V = Vehicle Equipment,5,VT,0,1,0,NS = No search,0,0,none
2988,004588,Traffic,2021/04/09 21:56:00+00,White,Male - M,24,M = Moving violation,5,VT,0,1,0,NS = No search,0,0,none
2127,004583,Traffic,2021/04/09 21:27:00+00,Black,Male - M,24,M = Moving violation,5,VT,0,1,0,NS = No search,0,0,none
105,004581,Traffic,2021/04/09 21:13:00+00,White,Male - M,22,M = Moving violation,5,PA,0,1,0,NS = No search,0,0,none
627,004580,Traffic,2021/04/09 21:12:00+00,White,Female - F,22,V = Vehicle Equipment,5,VT,0,1,0,NS = No search,0,0,none
3989,004567,Traffic,2021/04/09 18:08:00+00,White,Male - M,16,M = Moving violation,5,VT,0,1,0,NS = No search,0,0,none
10442,004565,Traffic,2021/04/09 17:57:00+00,White,Male - M,30,M = Moving violation,5,VT,0,1,0,NS = No search,0,0,none
2363,004564,Traffic,2021/04/09 17:50:00+00,White,Female - F,29,M = Moving violation,5,VT,0,1,0,NS = No search,0,0,none
2510,004563,Traffic,2021/04/09 17:44:00+00,White,Female - F,61,M = Moving violation,5,VT,0,1,0,NS = No search,0,0,none
40878,004547,Traffic,2021/04/09 15:43:00+00,White,Male - M,56,M = Moving violation,5,NONE,0,1,0,NS = No search,0,0,none
13452,004513,Traffic,2021/04/09 00:32:00+00,White,Female - F,76,M = Moving violation,5,VT,0,1,0,NS = No search,0,0,none
7708,004465,Traffic,2021/04/08 11:02:00+00,White,Female - F,48,M = Moving violation,4,VT,1,0,0,NS = No search,0,0,none
19806,004458,Traffic,2021/04/08 09:02:00+00,White,Female - F,47,M = Moving violation,4,VT,1,0,0,NS = No search,0,0,none
30172,004410,Traffic,2021/04/07 12:45:00+00,White,Female - F,23,M = Moving violation,5,MA,0,1,0,NS = No search,0,0,none
2606,004408,Traffic,2021/04/07 12:31:00+00,White,Female - F,18,M = Moving violation,5,VT,0,1,0,NS = No search,0,0,none
2537,004407,Traffic,2021/04/07 12:17:00+00,White,Male - M,38,M = Moving violation,5,VT,0,1,0,NS = No search,0,0,none
28292,004405,Traffic,2021/04/07 12:04:00+00,White,Female - F,38,M = Moving violation,4,VT,1,0,0,NS = No search,0,0,none
30941,004401,Traffic,2021/04/07 10:49:00+00,White,Male - M,31,M = Moving violation,5,MA,0,1,0,NS = No search,0,0,none
1871,004400,Traffic,2021/04/07 10:32:00+00,White,Male - M,24,M = Moving violation,4,NY,1,0,0,NS = No search,0,0,none
21505,004397,Traffic,2021/04/07 10:07:00+00,White,Male - M,23,M = Moving violation,4,NY,1,0,0,NS = No search,0,0,none
8114,004395,Traffic,2021/04/07 09:51:00+00,White,Female - F,30,M = Moving violation,4,VT,1,0,0,NS = No search,0,0,none
7759,004393,Traffic,2021/04/07 09:32:00+00,White,Female - F,24,M = Moving violation,4,VT,1,0,0,NS = No search,0,0,none
4689,004389,Traffic,2021/04/07 08:57:00+00,White,Female - F,21,M = Moving violation,4,CT,1,0,0,NS = No search,0,0,none
31114,004387,Traffic,2021/04/07 08:34:00+00,White,Male - M,34,M = Moving violation,4,VT,1,0,0,NS = No search,0,0,none
3266,004386,Traffic,2021/04/07 08:16:00+00,White,Male - M,27,M = Moving violation,4,VT,1,1,0,NS = No search,0,0,none
24733,004385,Traffic,2021/04/07 07:54:00+00,White,Male - M,46,M = Moving violation,4,VT,1,1,0,NS = No search,0,0,none
2918,004384,Traffic,2021/04/07 07:37:00+00,White,Female - F,30,M = Moving violation,4,VT,1,0,0,NS = No search,0,0,none
2347,004328,Traffic,2021/04/06 00:59:00+00,White,Female - F,20,V = Vehicle Equipment,5,VT,0,1,0,NS = No search,0,0,none
2942,004291,Traffic,2021/04/05 10:10:00+00,White,Male - M,40,M = Moving violation,4,VT,1,0,0,NS = No search,0,0,none
2225,004198,Traffic,2021/04/03 01:25:00+00,White,Male - M,18,V = Vehicle Equipment,5,VT,0,1,0,NS = No search,0,0,none
33542,004144,Traffic,2021/04/02 11:13:00+00,White,Male - M,48,M = Moving violation,5,NH,0,1,0,NS = No search,0,0,none
703,004002,Traffic,2021/03/30 11:45:00+00,White,Male - M,29,M = Moving violation,5,VT,0,1,0,NS = No search,0,0,none
29711,004001,Traffic,2021/03/30 11:30:00+00,White,Female - F,21,M = Moving violation,5,CT,0,1,0,NS = No search,0,0,none
2038,004000,Traffic,2021/03/30 11:14:00+00,White,Female - F,28,M = Moving violation,5,VT,0,1,0,NS = No search,0,0,none
2103,003999,Traffic,2021/03/30 10:58:00+00,White,Female - F,19,M = Moving violation,5,VT,0,1,0,NS = No search,0,0,none
2522,003995,Traffic,2021/03/30 10:47:00+00,White,Female - F,47,M = Moving violation,5,VT,0,1,0,NS = No search,0,0,none
2120,003994,Traffic,2021/03/30 10:32:00+00,White,Female - F,48,M = Moving violation,5,VT,0,1,0,NS = No search,0,0,none
2189,003990,Traffic,2021/03/30 10:12:00+00,White,Male - M,21,M = Moving violation,5,VT,0,1,0,NS = No search,0,0,none
3893,003988,Traffic,2021/03/30 09:58:00+00,White,Female - F,26,M = Moving violation,5,VT,0,1,0,NS = No search,0,0,none
40877,003975,Traffic,2021/03/30 01:08:00+00,White,Male - M,16,M = Moving violation,4,NONE,1,0,0,NS = No search,0,0,none
2262,003971,Traffic,2021/03/30 00:04:00+00,Black,Male - M,32,M = Moving violation,5,NONE,0,1,0,NS = No search,0,0,none
2047,003958,Traffic,2021/03/29 18:23:00+00,White,Female - F,51,V = Vehicle Equipment,5,VT,0,1,0,NS = No search,0,0,none
32426,003935,Traffic,2021/03/29 12:36:00+00,White,Male - M,52,V = Vehicle Equipment,5,VT,0,1,0,NS = No search,0,0,none
33412,003925,Traffic,2021/03/29 06:35:00+00,White,Male - M,20,M = Moving violation,5,VT,0,1,0,NS = No search,0,0,none
2273,003922,Traffic,2021/03/28 23:00:00+00,White,Female - F,23,V = Vehicle Equipment,5,VT,0,1,0,NS = No search,0,0,none
30171,003919,Traffic,2021/03/28 21:54:00+00,White,Male - M,73,M = Moving violation,5,MA,0,1,0,NS = No search,0,0,none
40876,003908,Traffic,2021/03/28 14:46:00+00,Black,Male - M,31,M = Moving violation,5,VT,0,1,0,NS = No search,0,0,none
3277,003893,DLS,2021/03/28 02:02:00+00,White,Male - M,58,E = Externally Generated,A = Arrest for Violation,VT,1,1,0,NS = No search,0,0,arrest
32146,003891,DLS,2021/03/28 01:45:00+00,White,Male - M,37,V = Vehicle Equipment,A = Arrest for Violation,VT,0,1,0,NS = No search,0,0,arrest
4881,003884,Traffic,2021/03/27 21:50:00+00,White,Male - M,53,M = Moving violation,5,VT,0,1,0,NS = No search,0,0,none
2622,003883,Traffic,2021/03/27 21:43:00+00,White,Male - M,49,M = Moving violation,5,VT,0,1,0,NS = No search,0,0,none
14958,003881,Traffic,2021/03/27 21:22:00+00,White,Unknown - U,21,V = Vehicle Equipment,5,VT,0,1,0,NS = No search,0,0,none
1136,003877,Traffic,2021/03/27 20:04:00+00,White,Female - F,63,M = Moving violation,5,TN,0,1,0,NS = No search,0,0,none
32441,003876,Traffic,2021/03/27 20:02:00+00,White,Male - M,30,M = Moving violation,5,VT,0,1,0,NS = No search,0,0,none
5279,003874,Traffic,2021/03/27 19:30:00+00,White,Male - M,21,M = Moving violation,5,VT,0,1,0,NS = No search,0,0,none
32194,003872,Traffic,2021/03/27 19:29:00+00,White,Male - M,19,M = Moving violation,5,MA,0,1,0,NS = No search,0,0,none
2193,003871,Traffic,2021/03/27 19:22:00+00,White,Female - F,59,M = Moving violation,5,VT,0,1,0,NS = No search,0,0,none
3093,003870,Traffic,2021/03/27 18:48:00+00,White,Female - F,23,M = Moving violation,5,VT,0,1,0,NS = No search,0,0,none
21114,003868,Traffic,2021/03/27 18:05:00+00,White,Male - M,35,M = Moving violation,5,VT,0,1,0,NS = No search,0,0,none
32060,003846,Traffic,2021/03/27 11:43:00+00,Black,Male - M,22,M = Moving violation,5,NH,0,2,0,NS = No search,0,0,none
32737,003845,Traffic,2021/03/27 11:26:00+00,White,Female - F,59,M = Moving violation,5,MA,0,1,0,NS = No search,0,0,none
31106,003844,Traffic,2021/03/27 11:14:00+00,White,Female - F,18,M = Moving violation,5,VT,0,1,0,NS = No search,0,0,none
986,003842,Traffic,2021/03/27 10:17:00+00,White,Male - M,16,M = Moving violation,5,NJ,0,1,0,NS = No search,0,0,none
3682,003840,Traffic,2021/03/27 10:07:00+00,White,Male - M,61,M = Moving violation,5,VT,0,1,0,NS = No search,0,0,none
6707,003839,Traffic,2021/03/27 09:55:00+00,White,Male - M,37,M = Moving violation,5,VT,0,1,0,NS = No search,0,0,none
30674,003836,Traffic,2021/03/27 09:13:00+00,Asian,Female - F,22,M = Moving violation,5,MA,0,1,0,NS = No search,0,0,none
3094,003835,Traffic,2021/03/27 08:51:00+00,White,Male - M,28,M = Moving violation,5,VT,0,2,0,NS = No search,0,0,none
5645,003833,Traffic,2021/03/27 08:32:00+00,White,Male - M,55,M = Moving violation,5,VT,0,1,0,NS = No search,0,0,none
32487,003832,Traffic,2021/03/27 08:19:00+00,White,Male - M,45,M = Moving violation,5,VT,0,1,0,NS = No search,0,0,none
2165,003831,Traffic,2021/03/27 08:08:00+00,White,Male - M,23,M = Moving violation,5,VT,0,1,0,NS = No search,0,0,none
4622,003830,Traffic,2021/03/27 07:51:00+00,White,Male - M,25,M = Moving violation,4,VT,1,1,0,NS = No search,0,0,none
3757,003829,Traffic,2021/03/27 07:39:00+00,White,Male - M,28,M = Moving violation,5,VT,0,1,0,NS = No search,0,0,none
26913,003828,Traffic,2021/03/27 07:29:00+00,White,Male - M,44,M = Moving violation,5,NY,0,1,0,NS = No search,0,0,none
31500,003663,Traffic,2021/03/23 23:48:00+00,White,Female - F,19,V = Vehicle Equipment,5,MA,0,1,0,NS = No search,0,0,none
2091,003662,Traffic,2021/03/23 23:37:00+00,White,Female - F,22,V = Vehicle Equipment,5,VT,0,1,0,NS = No search,0,0,none
5307,003642,Traffic,2021/03/23 15:48:00+00,White,Female - F,54,V = Vehicle Equipment,5,VT,0,1,0,NS = No search,0,0,none
40875,003618,Traffic,2021/03/23 12:12:00+00,White,Female - F,53,M = Moving violation,A = Arrest for Violation,NONE,0,0,0,NS = No search,0,0,arrest
6277,003608,Traffic,2021/03/23 03:28:00+00,Asian,Male - M,66,M = Moving violation,5,VT,0,1,0,NS = No search,0,0,none
29556,003598,Traffic,2021/03/22 20:19:00+00,White,Female - F,23,V = Vehicle Equipment,5,CT,0,1,0,NS = No search,0,0,none
29279,003496,Traffic,2021/03/20 23:50:00+00,White,Male - M,20,M = Moving violation,5,CO,0,1,0,NS = No search,0,0,none
16152,003494,Traffic,2021/03/20 22:59:00+00,White,Male - M,19,V = Vehicle Equipment,5,VT,0,1,0,NS = No search,0,0,none
28733,003479,Traffic,2021/03/20 18:24:00+00,White,Female - F,33,M = Moving violation,5,VT,0,1,0,NS = No search,0,0,none
30127,003448,Traffic,2021/03/19 23:18:00+00,White,Male - M,55,M = Moving violation,5,MA,0,1,0,NS = No search,0,0,none
2525,003420,Traffic,2021/03/19 14:15:00+00,White,Male - M,23,M = Moving violation,4,VT,1,0,0,NS = No search,0,0,none
577,003408,Traffic,2021/03/19 06:14:00+00,White,Male - M,64,M = Moving violation,5,NH,0,1,0,NS = No search,0,0,none
33081,003369,Traffic,2021/03/18 12:02:00+00,White,Male - M,37,M = Moving violation,5,VT,0,1,0,NS = No search,0,0,none
2526,003363,Traffic,2021/03/18 11:38:00+00,White,Female - F,18,M = Moving violation,5,VT,0,1,0,NS = No search,0,0,none
8999,003360,Traffic,2021/03/18 11:15:00+00,White,Male - M,76,M = Moving violation,5,VT,0,1,0,NS = No search,0,0,none
2605,003355,Traffic,2021/03/18 10:51:00+00,White,Male - M,54,M = Moving violation,5,VT,0,1,0,NS = No search,0,0,none
7955,003351,Traffic,2021/03/18 09:44:00+00,White,Female - F,27,M = Moving violation,5,VT,0,1,0,NS = No search,0,0,none
34839,003353,Traffic,2021/03/18 09:30:00+00,White,Male - M,55,M = Moving violation,5,VT,0,1,0,NS = No search,0,0,none
32693,003352,Traffic,2021/03/18 09:16:00+00,White,Male - M,38,M = Moving violation,5,VT,0,1,0,NS = No search,0,0,none
3668,003350,Traffic,2021/03/18 09:03:00+00,White,Female - F,67,M = Moving violation,5,VT,0,1,0,NS = No search,0,0,none
28313,003347,Traffic,2021/03/18 08:24:00+00,Asian,Female - F,23,M = Moving violation,4,VT,1,1,0,NS = No search,0,0,none
32142,003346,Traffic,2021/03/18 08:10:00+00,White,Male - M,40,M = Moving violation,5,VT,0,1,0,NS = No search,0,0,none
7472,003340,Traffic,2021/03/18 00:03:00+00,Asian,Female - F,41,M = Moving violation,5,VT,0,1,0,NS = No search,0,0,none
4275,003303,Traffic,2021/03/17 12:25:00+00,White,Male - M,18,M = Moving violation,5,VT,0,1,0,NS = No search,0,0,none
2670,003301,Traffic,2021/03/17 12:04:00+00,White,Female - F,21,M = Moving violation,5,VT,0,1,0,NS = No search,0,0,none
2658,003294,DLS,2021/03/17 10:02:00+00,White,Female - F,22,M = Moving violation,A = Arrest for Violation,VT,0,1,0,NS = No search,0,0,arrest
32147,003293,Traffic,2021/03/17 09:47:00+00,White,Female - F,35,M = Moving violation,4,VT,1,1,0,NS = No search,0,0,none
2494,003292,Traffic,2021/03/17 09:35:00+00,White,Male - M,51,M = Moving violation,5,VT,0,1,0,NS = No search,0,0,none
2666,003291,Traffic,2021/03/17 09:06:00+00,White,Female - F,65,M = Moving violation,5,VT,0,1,0,NS = No search,0,0,none
711,003290,Traffic,2021/03/17 08:45:00+00,White,Female - F,22,M = Moving violation,5,VT,0,1,0,NS = No search,0,0,none
22936,003289,Traffic,2021/03/17 08:27:00+00,Asian,Male - M,43,M = Moving violation,5,VT,0,1,0,NS = No search,0,0,none
31893,003288,Traffic,2021/03/17 08:09:00+00,White,Male - M,23,M = Moving violation,4,NH,1,0,0,NS = No search,0,0,none
4740,003286,Traffic,2021/03/17 07:54:00+00,White,Female - F,40,M = Moving violation,5,VT,0,1,0,NS = No search,0,0,none
2097,003285,Traffic,2021/03/17 07:36:00+00,White,Male - M,27,M = Moving violation,5,VT,0,1,0,NS = No search,0,0,none
16738,003283,Traffic,2021/03/17 07:15:00+00,White,Female - F,24,M = Moving violation,5,VT,0,1,0,NS = No search,0,0,none
5109,003238,Traffic,2021/03/15 19:10:00+00,White,Female - F,28,M = Moving violation,5,VT,0,1,0,NS = No search,0,0,none
14484,003210,Traffic,2021/03/15 00:57:00+00,White,Female - F,35,M = Moving violation,4,VT,1,1,0,NS = No search,0,0,none
2767,003181,Traffic,2021/03/14 03:09:00+00,White,Female - F,18,M = Moving violation,5,NC,0,1,0,NS = No search,0,0,none
3432,003175,Traffic,2021/03/14 00:38:00+00,White,Male - M,25,V = Vehicle Equipment,5,VT,0,1,0,NS = No search,0,0,none
32327,003171,Traffic,2021/03/13 23:08:00+00,White,Male - M,53,M = Moving violation,5,VT,0,1,0,NS = No search,0,0,none
29404,003148,Traffic,2021/03/13 14:40:00+00,White,Male - M,38,M = Moving violation,4,CT,2,0,0,NS = No search,0,0,none
1473,003144,Traffic,2021/03/13 14:23:00+00,White,Male - M,27,M = Moving violation,4,TX,1,0,0,NS = No search,0,0,none
27685,003126,Traffic,2021/03/13 02:22:00+00,White,Male - M,21,M = Moving violation,5,VT,0,1,0,NS = No search,0,0,none
4592,003124,Traffic,2021/03/13 00:15:00+00,White,Female - F,18,V = Vehicle Equipment,5,VT,0,1,0,NS = No search,0,0,none
13187,003067,DLS,2021/03/11 23:49:00+00,White,Male - M,30,M = Moving violation,3,VT,0,0,0,NS = No search,0,0,none
27386,003035,Traffic,2021/03/11 13:20:00+00,Asian,Male - M,31,M = Moving violation,5,VT,0,1,0,NS = No search,0,0,none
2742,003016,Traffic,2021/03/11 06:19:00+00,White,Male - M,54,M = Moving violation,5,VT,0,1,0,NS = No search,0,0,none
10577,003011,Traffic,2021/03/11 01:26:00+00,White,Male - M,24,V = Vehicle Equipment,4,VT,1,0,0,NS = No search,0,0,none
2346,003004,Traffic,2021/03/10 20:34:00+00,White,Male - M,21,M = Moving violation,4,VT,1,0,0,NS = No search,0,0,none
3639,002949,Traffic,2021/03/09 21:30:00+00,White,Female - F,25,M = Moving violation,5,VT,0,1,0,NS = No search,0,0,none
21933,002948,Traffic,2021/03/09 21:28:00+00,White,Male - M,42,M = Moving violation,5,VT,0,1,0,NS = No search,0,0,none
1657,002895,Traffic,2021/03/08 18:48:00+00,White,Male - M,21,M = Moving violation,5,NY,0,1,0,NS = No search,0,0,none
2252,002871,Traffic,2021/03/08 09:08:00+00,White,Male - M,38,M = Moving violation,5,VT,0,1,0,NS = No search,0,0,none
32213,002855,Traffic,2021/03/07 15:43:00+00,White,Male - M,78,M = Moving violation,5,VT,0,1,0,NS = No search,0,0,none
3796,002843,Traffic,2021/03/07 09:18:00+00,White,Male - M,39,V = Vehicle Equipment,5,VT,0,1,0,NS = No search,0,0,none
32753,002828,Traffic,2021/03/06 23:41:00+00,Black,Male - M,17,M = Moving violation,5,VT,0,1,0,NS = No search,0,0,none
2840,002691,Traffic,2021/03/04 10:12:00+00,White,Male - M,57,M = Moving violation,4,VT,1,0,0,NS = No search,0,0,none
28820,002643,Traffic,2021/03/03 12:26:00+00,White,Male - M,58,M = Moving violation,5,VT,0,1,0,NS = No search,0,0,none
2359,002640,Traffic,2021/03/03 12:11:00+00,White,Male - M,30,M = Moving violation,5,VT,0,1,0,NS = No search,0,0,none
15721,002638,Traffic,2021/03/03 12:00:00+00,White,Female - F,61,M = Moving violation,5,VT,0,1,0,NS = No search,0,0,none
1814,002637,Traffic,2021/03/03 11:06:00+00,White,Male - M,24,M = Moving violation,5,PA,0,1,0,NS = No search,0,0,none
4639,002636,Traffic,2021/03/03 10:36:00+00,White,Female - F,61,M = Moving violation,5,VT,0,1,0,NS = No search,0,0,none
5027,002633,Traffic,2021/03/03 09:49:00+00,Black,Male - M,21,M = Moving violation,5,VT,0,1,0,NS = No search,0,0,none
23939,002632,Traffic,2021/03/03 09:34:00+00,White,Female - F,67,M = Moving violation,5,VT,0,1,0,NS = No search,0,0,none
538,002631,Traffic,2021/03/03 09:24:00+00,White,Male - M,80,M = Moving violation,5,VT,0,1,0,NS = No search,0,0,none
636,002625,Traffic,2021/03/03 08:47:00+00,White,Male - M,69,M = Moving violation,5,NY,0,1,0,NS = No search,0,0,none
22987,002620,Traffic,2021/03/03 08:20:00+00,White,Female - F,73,M = Moving violation,5,VT,0,1,0,NS = No search,0,0,none
22490,002618,Traffic,2021/03/03 08:05:00+00,White,Female - F,37,M = Moving violation,5,VT,0,1,0,NS = No search,0,0,none
2110,002617,Traffic,2021/03/03 07:51:00+00,White,Male - M,27,V = Vehicle Equipment,5,VT,0,1,0,NS = No search,0,0,none
32394,002535,Traffic,2021/03/01 12:39:00+00,White,Male - M,55,M = Moving violation,4,VT,0,1,0,NS = No search,0,0,none
28741,002534,Traffic,2021/03/01 12:19:00+00,White,Female - F,26,M = Moving violation,5,NY,0,1,0,NS = No search,0,0,none
32789,002532,Traffic,2021/03/01 11:57:00+00,White,Male - M,29,M = Moving violation,5,VT,0,1,0,NS = No search,0,0,none
32198,002531,Traffic,2021/03/01 11:38:00+00,White,Female - F,24,M = Moving violation,5,MA,0,1,0,NS = No search,0,0,none
4618,002529,Traffic,2021/03/01 11:25:00+00,White,Male - M,35,M = Moving violation,5,VT,0,1,0,NS = No search,0,0,none
13566,002523,Traffic,2021/03/01 10:23:00+00,White,Male - M,23,M = Moving violation,4,VT,1,1,0,NS = No search,0,0,none
2274,002522,Traffic,2021/03/01 10:10:00+00,White,Male - M,28,M = Moving violation,5,VT,0,1,0,NS = No search,0,0,none
5569,002521,Traffic,2021/03/01 09:58:00+00,White,Male - M,48,M = Moving violation,5,VT,0,1,0,NS = No search,0,0,none
3078,002519,Traffic,2021/03/01 09:44:00+00,Black,Female - F,23,M = Moving violation,5,OH,0,1,0,NS = No search,0,0,none
1667,002514,Traffic,2021/03/01 08:12:00+00,Black,Male - M,55,M = Moving violation,5,VT,0,1,0,NS = No search,0,0,none
32393,002513,Traffic,2021/03/01 07:54:00+00,White,Male - M,34,M = Moving violation,5,VT,0,1,0,NS = No search,0,0,none
31162,002453,Traffic,2021/02/27 11:11:00+00,White,Female - F,23,M = Moving violation,5,VT,0,1,0,NS = No search,0,0,none
40873,002438,DUI,2021/02/26 22:38:00+00,Asian,Male - M,31,M = Moving violation,A = Arrest for Violation,NONE,0,0,1,SRS = Search Reasonable Suspicion,0,1,arrest
1861,002374,Traffic,2021/02/25 15:52:00+00,White,Female - F,43,M = Moving violation,4,NY,1,0,0,NS = No search,0,0,none
706,002361,Traffic,2021/02/25 11:36:00+00,Black,Male - M,20,O = Other,4,VT,1,0,0,NS = No search,0,0,none
14368,002358,Traffic,2021/02/25 11:26:00+00,Asian,Male - M,27,M = Moving violation,5,VT,0,1,0,NS = No search,0,0,none
16124,002356,Traffic,2021/02/25 11:13:00+00,White,Female - F,49,M = Moving violation,5,VT,0,1,0,NS = No search,0,0,none
3414,002355,Traffic,2021/02/25 11:00:00+00,White,Male - M,27,M = Moving violation,5,VT,0,1,0,NS = No search,0,0,none
3563,002346,Traffic,2021/02/25 09:14:00+00,White,Female - F,44,M = Moving violation,5,VT,0,1,0,NS = No search,0,0,none
10403,002345,Traffic,2021/02/25 08:54:00+00,White,Male - M,44,M = Moving violation,5,VT,0,1,0,NS = No search,0,0,none
33748,002344,Traffic,2021/02/25 08:38:00+00,White,Male - M,31,M = Moving violation,5,NH,0,1,0,NS = No search,0,0,none
2317,002342,Traffic,2021/02/25 08:27:00+00,White,Female - F,55,M = Moving violation,5,VT,0,1,0,NS = No search,0,0,none
4739,002341,Traffic,2021/02/25 08:17:00+00,White,Female - F,40,M = Moving violation,5,VT,0,1,0,NS = No search,0,0,none
40872,002276,Traffic,2021/02/23 19:53:00+00,Black,Female - F,22,M = Moving violation,5,NONE,0,1,0,NS = No search,0,0,none
32668,002241,Traffic,2021/02/23 10:57:00+00,White,Male - M,27,M = Moving violation,5,VT,0,1,0,NS = No search,0,0,none
32028,002240,Traffic,2021/02/23 10:48:00+00,White,Male - M,24,M = Moving violation,5,NH,0,1,0,NS = No search,0,0,none
3783,002195,Traffic,2021/02/22 08:41:00+00,White,Female - F,29,M = Moving violation,5,VT,0,1,0,NS = No search,0,0,none
30448,002185,Traffic,2021/02/21 23:54:00+00,Asian,Female - F,21,M = Moving violation,5,IN,0,1,0,NS = No search,0,0,none
2121,002179,Traffic,2021/02/21 21:31:00+00,White,Female - F,17,V = Vehicle Equipment,5,VT,0,1,0,NS = No search,0,0,none
2134,002178,Traffic,2021/02/21 21:18:00+00,White,Male - M,21,M = Moving violation,5,VT,0,1,0,NS = No search,0,0,none
1601,002155,Traffic,2021/02/21 00:17:00+00,White,Female - F,23,V = Vehicle Equipment,5,NY,0,1,0,NS = No search,0,0,none
7342,002124,Traffic,2021/02/20 11:15:00+00,White,Female - F,71,M = Moving violation,5,VT,0,1,0,NS = No search,0,0,none
23734,002123,Traffic,2021/02/20 10:53:00+00,White,Male - M,70,M = Moving violation,5,VT,0,1,0,NS = No search,0,0,none
13334,002122,Traffic,2021/02/20 10:36:00+00,White,Female - F,33,M = Moving violation,5,VT,0,1,0,NS = No search,0,0,none
1539,002121,Traffic,2021/02/20 10:21:00+00,White,Male - M,20,M = Moving violation,5,NY,0,1,0,NS = No search,0,0,none
3044,002120,Traffic,2021/02/20 09:46:00+00,White,Male - M,27,M = Moving violation,5,VT,0,1,0,NS = No search,0,0,none
33263,002118,Traffic,2021/02/20 08:55:00+00,White,Male - M,61,M = Moving violation,5,VT,0,1,0,NS = No search,0,0,none
7420,002116,Traffic,2021/02/20 08:40:00+00,White,Female - F,63,M = Moving violation,5,VT,0,1,0,NS = No search,0,0,none
3085,002115,Traffic,2021/02/20 08:19:00+00,White,Male - M,61,M = Moving violation,5,NY,0,1,0,NS = No search,0,0,none
32689,002114,Traffic,2021/02/20 08:08:00+00,White,Male - M,25,M = Moving violation,5,VT,0,1,0,NS = No search,0,0,none
2039,002113,DLS,2021/02/20 07:43:00+00,White,Male - M,41,M = Moving violation,A = Arrest for Violation,VT,0,1,0,NS = No search,0,0,arrest
2533,002109,Traffic,2021/02/20 03:42:00+00,White,Female - F,43,V = Vehicle Equipment,5,VT,0,1,0,NS = No search,0,0,none
4322,002108,Traffic,2021/02/20 03:07:00+00,Asian,Female - F,21,V = Vehicle Equipment,5,VT,0,1,0,NS = No search,0,0,none
6632,002065,Traffic,2021/02/19 00:48:00+00,White,Male - M,52,M = Moving violation,5,VT,0,1,0,NS = No search,0,0,none
3137,002059,Traffic,2021/02/18 21:25:00+00,Black,Male - M,47,M = Moving violation,5,VT,0,1,0,NS = No search,0,0,none
3527,002049,Traffic,2021/02/18 15:29:00+00,White,Female - F,45,M = Moving violation,4,FL,1,0,0,NS = No search,0,0,none
2681,002048,Traffic,2021/02/18 15:13:00+00,White,Male - M,40,M = Moving violation,5,VT,0,1,0,NS = No search,0,0,none
20396,002044,Traffic,2021/02/18 14:51:00+00,White,Male - M,21,M = Moving violation,4,VT,1,0,0,NS = No search,0,0,none
2943,002029,Traffic,2021/02/18 10:05:00+00,White,Male - M,18,M = Moving violation,5,VT,0,1,0,NS = No search,0,0,none
2190,002006,Traffic,2021/02/17 18:44:00+00,White,Female - F,27,M = Moving violation,5,VT,0,1,0,NS = No search,0,0,none
2082,001990,Traffic,2021/02/17 14:48:00+00,White,Female - F,59,M = Moving violation,4,VT,1,0,0,NS = No search,0,0,none
2143,001980,Traffic,2021/02/17 12:34:00+00,White,Male - M,32,M = Moving violation,5,VT,0,1,0,NS = No search,0,0,none
32374,001979,Traffic,2021/02/17 12:22:00+00,White,Female - F,32,M = Moving violation,5,VT,0,1,0,NS = No search,0,0,none
22176,001978,Traffic,2021/02/17 12:05:00+00,White,Male - M,25,M = Moving violation,5,VT,0,1,0,NS = No search,0,0,none
2215,001977,Traffic,2021/02/17 11:35:00+00,White,Female - F,18,M = Moving violation,5,VT,0,1,0,NS = No search,0,0,none
2853,001973,Traffic,2021/02/17 11:20:00+00,White,Male - M,35,M = Moving violation,5,VT,0,1,0,NS = No search,0,0,none
3706,001970,Traffic,2021/02/17 11:02:00+00,White,Male - M,22,M = Moving violation,5,NY,0,1,0,NS = No search,0,0,none
26342,001968,Traffic,2021/02/17 10:53:00+00,White,Female - F,47,M = Moving violation,5,VT,0,1,0,NS = No search,0,0,none
33997,001917,Traffic,2021/02/15 21:45:00+00,White,Female - F,31,M = Moving violation,5,MA,0,1,0,NS = No search,0,0,none
10243,001902,Traffic,2021/02/15 12:41:00+00,White,Male - M,59,M = Moving violation,4,VT,1,0,0,NS = No search,0,0,none
18084,001900,Traffic,2021/02/15 11:50:00+00,White,Male - M,34,M = Moving violation,4,VT,1,0,0,NS = No search,0,0,none
1673,001899,Traffic,2021/02/15 11:39:00+00,White,Male - M,18,M = Moving violation,5,NY,0,1,0,NS = No search,0,0,none
705,001894,Traffic,2021/02/15 10:37:00+00,White,Male - M,20,M = Moving violation,4,VT,1,1,0,NS = No search,0,0,none
1738,001893,Traffic,2021/02/15 10:07:00+00,White,Female - F,20,M = Moving violation,5,VT,0,1,0,NS = No search,0,0,none
3553,001892,Traffic,2021/02/15 09:32:00+00,Black,Male - M,53,M = Moving violation,5,VT,0,1,0,NS = No search,0,0,none
7263,001891,Traffic,2021/02/15 09:29:00+00,White,Female - F,34,M = Moving violation,5,VT,0,1,0,NS = No search,0,0,none
10349,001889,Traffic,2021/02/15 09:03:00+00,White,Female - F,73,M = Moving violation,5,VT,0,1,0,NS = No search,0,0,none
3454,001887,Traffic,2021/02/15 08:25:00+00,White,Female - F,19,M = Moving violation,4,VT,1,0,0,NS = No search,0,0,none
5952,001885,Traffic,2021/02/15 08:01:00+00,Asian,Male - M,39,M = Moving violation,5,VT,0,1,0,NS = No search,0,0,none
3523,001884,Traffic,2021/02/15 07:34:00+00,White,Male - M,24,M = Moving violation,5,VT,0,1,0,NS = No search,0,0,none
35155,001880,Traffic,2021/02/15 01:24:00+00,White,Female - F,25,M = Moving violation,5,CT,0,1,0,NS = No search,0,0,none
34621,001879,Traffic,2021/02/15 00:07:00+00,White,Female - F,21,M = Moving violation,5,MA,0,1,0,NS = No search,0,0,none
32672,001848,Traffic,2021/02/13 20:41:00+00,White,Male - M,53,M = Moving violation,4,VT,1,0,0,NS = No search,0,0,none
2427,001847,Traffic,2021/02/13 20:18:00+00,White,Female - F,17,V = Vehicle Equipment,5,VT,0,1,0,NS = No search,0,0,none
31874,001832,Traffic,2021/02/13 12:12:00+00,White,Male - M,19,M = Moving violation,5,NH,0,1,0,NS = No search,0,0,none
29980,001818,Traffic,2021/02/12 23:31:00+00,White,Female - F,33,M = Moving violation,5,CO,0,1,0,NS = No search,0,0,none
3430,001733,Traffic,2021/02/10 21:52:00+00,White,Female - F,18,V = Vehicle Equipment,5,VT,0,1,0,NS = No search,0,0,none
12446,001709,Traffic,2021/02/10 10:38:00+00,White,Male - M,27,M = Moving violation,5,VT,0,1,0,NS = No search,0,0,none
32342,001708,Traffic,2021/02/10 10:37:00+00,White,Male - M,45,M = Moving violation,5,VT,0,1,0,NS = No search,0,0,none
31906,001700,Traffic,2021/02/10 08:12:00+00,White,Female - F,38,M = Moving violation,5,NH,0,1,0,NS = No search,0,0,none
31811,001697,Traffic,2021/02/10 07:47:00+00,White,Male - M,65,M = Moving violation,5,VT,0,1,0,NS = No search,0,0,none
30074,001696,Traffic,2021/02/10 07:35:00+00,White,Female - F,63,M = Moving violation,5,VT,0,1,0,NS = No search,0,0,none
1746,001679,Traffic,2021/02/09 21:39:00+00,White,Male - M,25,V = Vehicle Equipment,5,VT,0,1,0,NS = No search,0,0,none
3064,001621,Traffic,2021/02/08 16:35:00+00,White,Female - F,53,M = Moving violation,4,VT,2,0,0,NS = No search,0,0,none
32598,001604,Traffic,2021/02/08 12:40:00+00,White,Male - M,30,M = Moving violation,5,VT,0,1,0,NS = No search,0,0,none
2259,001603,Traffic,2021/02/08 12:20:00+00,White,Female - F,23,M = Moving violation,5,NY,0,1,0,NS = No search,0,0,none
32391,001602,Traffic,2021/02/08 12:06:00+00,White,Male - M,62,M = Moving violation,5,VT,0,1,0,NS = No search,0,0,none
5147,001591,Traffic,2021/02/08 09:42:00+00,White,Female - F,74,M = Moving violation,5,VT,0,1,0,NS = No search,0,0,none
2625,001586,Traffic,2021/02/08 08:16:00+00,Asian,Female - F,32,M = Moving violation,5,VT,0,1,0,NS = No search,0,0,none
31131,001584,Traffic,2021/02/08 08:01:00+00,White,Male - M,30,M = Moving violation,5,VT,0,1,0,NS = No search,0,0,none
32271,001583,Traffic,2021/02/08 07:45:00+00,White,Male - M,74,M = Moving violation,5,NH,0,1,0,NS = No search,0,0,none
24147,001581,Traffic,2021/02/08 07:30:00+00,White,Male - M,49,M = Moving violation,5,VT,0,1,0,NS = No search,0,0,none
2546,001580,Traffic,2021/02/08 06:20:00+00,White,Female - F,53,V = Vehicle Equipment,5,VT,0,1,0,NS = No search,0,0,none
29766,001534,Traffic,2021/02/06 16:44:00+00,White,Female - F,22,M = Moving violation,5,CT,0,1,0,NS = No search,0,0,none
40870,001428,DLS,2021/02/04 16:11:00+00,White,Male - M,26,M = Moving violation,A = Arrest for Violation,NONE,0,0,1,SPC = Consent Search w/PC,0,0,arrest
3045,001425,Traffic,2021/02/04 15:19:00+00,White,Female - F,58,M = Moving violation,5,VT,0,1,0,NS = No search,0,0,none
3956,001412,Traffic,2021/02/04 12:24:00+00,White,Female - F,45,M = Moving violation,5,VT,0,1,0,NS = No search,0,0,none
504,001409,Traffic,2021/02/04 12:00:00+00,Black,Male - M,65,M = Moving violation,5,VT,0,2,0,NS = No search,0,0,none
2912,001390,Traffic,2021/02/04 08:43:00+00,Asian,Female - F,21,M = Moving violation,5,VT,0,1,0,NS = No search,0,0,none
2138,001388,Traffic,2021/02/04 08:29:00+00,White,Female - F,51,M = Moving violation,5,VT,0,1,0,NS = No search,0,0,none
3281,001384,Traffic,2021/02/04 08:00:00+00,White,Male - M,60,M = Moving violation,5,VT,0,1,0,NS = No search,0,0,none
5641,001383,Traffic,2021/02/04 07:35:00+00,White,Female - F,51,M = Moving violation,5,VT,0,1,0,NS = No search,0,0,none
420,001381,DLS,2021/02/04 02:56:00+00,White,Male - M,26,V = Vehicle Equipment,A = Arrest for Violation,VT,0,1,0,NS = No search,0,0,arrest
12927,001375,Traffic,2021/02/04 00:00:00+00,White,Female - F,18,V = Vehicle Equipment,5,VT,0,1,0,NS = No search,0,0,none
1882,001334,Traffic,2021/02/03 01:00:00+00,White,Female - F,23,M = Moving violation,5,NY,0,1,0,NS = No search,0,0,none
271,001300,Traffic,2021/02/02 00:27:00+00,White,Female - F,20,V = Vehicle Equipment,5,NJ,0,1,0,NS = No search,0,0,none
2611,001250,Traffic,2021/01/31 19:07:00+00,Asian,Female - F,25,V = Vehicle Equipment,5,VT,0,1,0,NS = No search,0,0,none
5011,001248,Traffic,2021/01/31 18:45:00+00,White,Female - F,50,V = Vehicle Equipment,5,VT,0,1,0,NS = No search,0,0,none
3671,001243,Traffic,2021/01/31 15:53:00+00,White,Male - M,19,M = Moving violation,4,VT,1,0,0,NS = No search,0,0,none
230,001240,Traffic,2021/01/31 13:15:00+00,White,Female - F,57,M = Moving violation,4,NJ,1,0,0,NS = No search,0,0,none
28410,001232,Traffic,2021/01/31 09:08:00+00,Black,Male - M,61,M = Moving violation,5,IL,0,1,0,NS = No search,0,0,none
28319,001227,Traffic,2021/01/31 05:46:00+00,White,Female - F,44,M = Moving violation,4,VT,1,0,0,NS = No search,0,0,none
26074,001217,Traffic,2021/01/30 22:15:00+00,Asian,Female - F,20,M = Moving violation,4,NJ,1,0,0,NS = No search,0,0,none
4180,001216,Traffic,2021/01/30 21:37:00+00,White,Female - F,23,V = Vehicle Equipment,5,VT,0,1,0,NS = No search,0,0,none
2040,001215,Traffic,2021/01/30 21:16:00+00,White,Male - M,29,V = Vehicle Equipment,5,VT,0,1,0,NS = No search,0,0,none
28038,001212,Traffic,2021/01/30 20:24:00+00,White,Male - M,20,M = Moving violation,4,ME,1,0,0,NS = No search,0,0,none
2046,001206,Traffic,2021/01/30 19:05:00+00,Asian,Female - F,51,V = Vehicle Equipment,5,VT,0,1,0,NS = No search,0,0,none
5000,001180,Traffic,2021/01/30 04:42:00+00,White,Male - M,22,V = Vehicle Equipment,4,VT,1,1,0,NS = No search,0,0,none
6631,001172,Traffic,2021/01/30 00:57:00+00,White,Male - M,52,O = Other,5,VT,0,1,0,NS = No search,0,0,none
1842,001171,Traffic,2021/01/30 00:24:00+00,White,Female - F,24,M = Moving violation,5,NY,0,1,0,NS = No search,0,0,none
14999,001170,Traffic,2021/01/29 23:29:00+00,White,Male - M,16,V = Vehicle Equipment,5,VT,0,1,0,NS = No search,0,0,none
32388,001160,Traffic,2021/01/29 18:34:00+00,Asian,Male - M,53,M = Moving violation,5,VT,0,1,0,NS = No search,0,0,none
9849,001138,Traffic,2021/01/29 09:59:00+00,White,Male - M,54,M = Moving violation,4,VT,1,0,0,NS = No search,0,0,none
421,001083,Traffic,2021/01/27 22:53:00+00,White,Female - F,27,V = Vehicle Equipment,5,VT,0,1,0,NS = No search,0,0,none
2118,001079,Traffic,2021/01/27 21:40:00+00,Asian,Male - M,18,V = Vehicle Equipment,5,VT,0,1,0,NS = No search,0,0,none
3519,001072,Traffic,2021/01/27 15:35:00+00,White,Female - F,17,M = Moving violation,5,VT,0,1,0,NS = No search,0,0,none
35198,001006,Traffic,2021/01/25 19:47:00+00,White,Male - M,24,V = Vehicle Equipment,5,VT,0,1,0,NS = No search,0,0,none
3081,001005,Traffic,2021/01/25 19:27:00+00,Black,Female - F,28,V = Vehicle Equipment,5,VT,0,1,0,NS = No search,0,0,none
5002,000935,Traffic,2021/01/24 10:33:00+00,White,Female - F,52,M = Moving violation,5,VT,0,1,0,NS = No search,0,0,none
2948,000920,Traffic,2021/01/23 20:02:00+00,White,Male - M,37,M = Moving violation,5,VT,0,1,0,NS = No search,0,0,none
32254,000878,Traffic,2021/01/22 19:28:00+00,White,Female - F,23,V = Vehicle Equipment,5,VT,0,1,0,NS = No search,0,0,none
2585,000866,Traffic,2021/01/22 11:40:00+00,White,Male - M,26,V = Vehicle Equipment,5,VT,0,1,0,NS = No search,0,0,none
2108,000794,Traffic,2021/01/20 21:32:00+00,White,Male - M,28,V = Vehicle Equipment,5,VT,0,1,0,NS = No search,0,0,none
750,000775,Traffic,2021/01/20 11:02:00+00,White,Male - M,20,M = Moving violation,5,NJ,0,1,0,NS = No search,0,0,none
32714,000770,Traffic,2021/01/20 08:57:00+00,White,Male - M,55,M = Moving violation,5,VT,0,1,0,NS = No search,0,0,none
2978,000768,Traffic,2021/01/20 08:28:00+00,White,Male - M,37,M = Moving violation,4,VT,1,0,0,NS = No search,0,0,none
2296,000760,Traffic,2021/01/19 23:40:00+00,White,Female - F,26,M = Moving violation,4,VT,1,1,0,NS = No search,0,0,none
2265,000697,Traffic,2021/01/18 00:53:00+00,White,Female - F,26,M = Moving violation,5,VT,0,1,0,NS = No search,0,0,none
40869,000696,Traffic,2021/01/17 23:49:00+00,White,Male - M,22,M = Moving violation,4,NONE,1,0,0,NS = No search,0,0,none
2373,000684,Traffic,2021/01/17 19:19:00+00,White,Male - M,19,M = Moving violation,4,VT,1,1,0,NS = No search,0,0,none
32590,000542,Traffic,2021/01/14 09:14:00+00,White,Male - M,22,M = Moving violation,4,VT,1,0,0,NS = No search,0,0,none
33527,000473,Traffic,2021/01/12 16:08:00+00,White,Female - F,44,M = Moving violation,5,VT,0,1,0,NS = No search,0,0,none
3642,000468,Traffic,2021/01/12 14:46:00+00,White,Male - M,27,M = Moving violation,5,VT,0,1,0,NS = No search,0,0,none
2740,000435,Traffic,2021/01/11 21:27:00+00,White,Female - F,35,V = Vehicle Equipment,3,VT,0,1,0,NS = No search,0,0,none
28259,000434,Traffic,2021/01/11 21:01:00+00,White,Male - M,36,V = Vehicle Equipment,5,GA,0,1,0,NS = No search,0,0,none
40868,000413,Traffic,2021/01/11 12:05:00+00,White,Male - M,59,M = Moving violation,5,NONE,0,1,0,NS = No search,0,0,none
30668,000360,Traffic,2021/01/10 01:31:00+00,Black,Male - M,20,V = Vehicle Equipment,5,MA,0,1,0,NS = No search,0,0,none
27741,000323,Traffic,2021/01/09 00:20:00+00,White,Female - F,42,V = Vehicle Equipment,4,VT,1,0,0,NS = No search,0,0,none
49,000185,Traffic,2021/01/05 15:26:00+00,White,Unknown - U,Unknown,M = Moving violation,5,NONE,0,1,0,NS = No search,0,0,none
21635,000171,Traffic,2021/01/05 09:35:00+00,White,Female - F,81,M = Moving violation,5,VT,0,1,0,NS = No search,0,0,none
4901,000084,Traffic,2021/01/02 21:22:00+00,Asian,Male - M,32,M = Moving violation,5,VT,0,1,0,NS = No search,0,0,none
28570,000075,Traffic,2021/01/02 16:54:00+00,White,Male - M,41,M = Moving violation,4,VT,1,0,0,NS = No search,0,0,none
32645,000073,Traffic,2021/01/02 15:50:00+00,White,Female - F,27,M = Moving violation,5,VT,0,1,0,NS = No search,0,0,none